dossier_id,code_modele,SF_1,SF_2,SF_3,SF_4,SF_5,SF_6,SF_7,SF_8,SF_9,SF_10,SF_11,SF_12,SF_13,SF_14,SF_15,SF_16,SF_17,SF_18,SF_19,SF_20,SF_21,SF_22,SF_23,SF_24,SF_25,SF_26,SF_27,SF_28,SF_29,SF_30,SF_31,SF_32,SF_33,SF_34,SF_35,SF_36,SF_37,SF_38,SF_39,SF_40,SF_41,SF_42,SF_43,SF_44,SF_45,SF_46,SF_47,SF_48,SF_49,SF_50,SF_51,SF_52,SF_54,SF_55,SF_56,SF_57,SF_58,SF_59,SF_60,SF_61,SF_62,score_bfpme_good,score_bfpme_average,risk_class
DOS_0001,2,,,,,,,,,,,,,,99,,,,,,,,,,,,,,,,,,34,36,39,40,61,46,61,61,60,61,61,71,20,75,79,80,85,89,90,92,93,100,61,105,107,111,113,119,122,123,166.6551,173.1084,Bon
DOS_0002,1,130,7,61,12,57,68,61,21,23,17,85,84,85,98,28,26,27,27,27,61,61,61,27,28,26,27,26,28,61,28,61,,,,,,,,,,,,,,,,,,,,,,100,102,61,107,109,114,119,121,124,0,0,Rejete
DOS_0003,2,,,,,,,,,,,,,,61,,,,,,,,,,,,,,,,,,61,38,42,61,53,47,52,41,61,62,67,45,19,73,61,61,86,61,61,94,61,101,61,61,61,110,61,116,122,123,192.4578,188.9279,Bon
DOS_0004,1,128,9,10,41,60,67,17,61,24,61,61,61,83,99,26,28,28,27,26,27,26,28,26,27,27,61,27,28,61,27,61,,,,,,,,,,,,,,,,,,,,,,61,103,106,107,110,114,117,121,61,0,0,Rejete
DOS_0005,2,,,,,,,,,,,,,,99,,,,,,,,,,,,,,,,,,32,37,42,43,53,46,51,41,57,61,67,45,21,72,79,82,61,88,61,61,94,100,104,105,107,110,115,117,61,124,156.5761,157.9917,Moyen
DOS_0006,1,129,6,11,61,57,68,17,6,24,17,84,83,86,98,26,26,27,27,61,61,61,28,26,27,61,26,61,28,61,28,61,,,,,,,,,,,,,,,,,,,,,,100,35,61,107,61,114,119,61,123,0,0,Rejete
DOS_0007,2,,,,,,,,,,,,,,96,,,,,,,,,,,,,,,,,,61,38,39,40,52,47,50,61,57,65,67,45,6,72,61,61,84,87,61,92,94,100,104,61,107,110,112,61,61,125,170.7572,171.413,Bon
DOS_0008,2,,,,,,,,,,,,,,95,,,,,,,,,,,,,,,,,,31,38,39,61,61,48,53,56,60,62,67,52,21,74,17,82,83,89,61,92,93,100,35,105,107,61,61,61,121,125,200.1919,201.5877,Excellent
DOS_0009,2,,,,,,,,,,,,,,95,,,,,,,,,,,,,,,,,,31,61,39,61,52,47,61,56,57,66,68,52,61,75,79,80,84,87,91,61,93,61,104,61,107,61,112,116,121,61,167.5542,159.7567,Bon
DOS_0010,1,126,8,61,40,61,68,17,20,23,78,84,85,84,99,61,27,27,61,28,28,27,61,27,61,28,28,26,28,28,61,61,,,,,,,,,,,,,,,,,,,,,,100,104,61,107,109,114,119,61,61,0,0,Rejete
DOS_0011,1,1,9,10,57,59,61,18,19,61,79,85,61,85,96,28,61,28,61,28,27,27,28,27,28,61,26,28,28,27,61,61,,,,,,,,,,,,,,,,,,,,,,61,104,105,107,110,115,116,61,125,0,0,Rejete
DOS_0012,2,,,,,,,,,,,,,,96,,,,,,,,,,,,,,,,,,32,36,43,42,61,47,61,55,61,62,69,71,6,72,78,81,86,88,90,61,94,102,61,105,107,61,115,119,120,123,141.2439,127.8265,Moyen
DOS_0013,1,130,61,10,57,60,61,61,6,24,17,85,61,86,95,26,28,27,28,28,28,26,27,61,27,27,26,61,61,28,61,27,,,,,,,,,,,,,,,,,,,,,,61,103,61,61,61,114,117,120,125,0,0,Rejete
DOS_0014,2,,,,,,,,,,,,,,96,,,,,,,,,,,,,,,,,,33,35,43,42,53,46,52,56,61,67,61,71,61,73,78,80,61,87,90,61,94,61,102,105,61,110,115,61,61,124,110.33,128.5557,Risque
DOS_0015,1,127,9,11,41,57,67,17,61,23,18,84,84,84,96,27,61,28,28,27,26,27,27,26,28,61,61,27,26,27,26,28,,,,,,,,,,,,,,,,,,,,,,61,104,105,61,110,112,61,122,123,0,0,Rejete
DOS_0016,2,,,,,,,,,,,,,,96,,,,,,,,,,,,,,,,,,29,61,55,41,54,49,61,56,59,63,68,52,22,73,61,61,61,89,91,92,94,100,61,106,107,111,115,119,120,125,158.2585,147.5873,Moyen
DOS_0017,2,,,,,,,,,,,,,,98,,,,,,,,,,,,,,,,,,61,38,7,57,53,48,51,6,59,61,61,52,61,75,61,61,85,88,91,61,61,101,104,61,107,61,112,116,121,125,203.4769,194.4626,Excellent
DOS_0018,1,128,61,11,41,59,68,18,20,23,61,61,85,83,97,28,27,28,26,27,28,26,61,28,27,61,26,26,28,61,61,27,,,,,,,,,,,,,,,,,,,,,,61,104,105,61,61,61,61,120,125,0,0,Rejete
DOS_0019,2,,,,,,,,,,,,,,96,,,,,,,,,,,,,,,,,,32,35,55,42,53,46,54,55,61,64,61,52,6,75,78,82,85,87,61,61,61,101,103,105,107,61,61,119,120,124,151.6094,153.1844,Moyen
DOS_0020,1,127,7,10,57,61,61,17,19,61,17,61,84,84,99,26,27,28,28,61,26,61,61,61,28,61,61,26,26,61,28,27,,,,,,,,,,,,,,,,,,,,,,61,102,105,61,111,115,116,121,124,0,0,Rejete
DOS_0021,1,130,7,61,41,60,61,18,61,24,18,85,83,84,98,61,28,61,26,61,26,28,27,61,26,61,61,26,27,28,61,27,,,,,,,,,,,,,,,,,,,,,,100,103,61,107,61,115,118,121,61,0,0,Rejete
DOS_0022,1,128,6,10,57,59,67,18,61,23,78,86,84,86,97,27,26,28,61,28,28,26,28,61,27,61,61,28,28,61,61,27,,,,,,,,,,,,,,,,,,,,,,101,103,61,107,111,115,119,120,61,0,0,Rejete
DOS_0023,2,,,,,,,,,,,,,,61,,,,,,,,,,,,,,,,,,32,36,42,57,52,49,61,6,60,64,68,45,61,73,78,80,85,61,61,92,94,61,103,105,61,110,115,118,122,61,182.7411,174.4257,Bon
DOS_0024,2,,,,,,,,,,,,,,96,,,,,,,,,,,,,,,,,,33,35,43,57,45,48,51,55,57,67,68,71,20,73,79,81,83,61,61,61,61,61,35,61,107,61,113,117,121,61,107.6952,131.4193,Risque
DOS_0025,1,129,7,11,41,60,61,16,21,23,78,61,85,61,99,61,28,26,26,61,28,27,28,27,27,28,27,26,26,28,61,28,,,,,,,,,,,,,,,,,,,,,,101,35,61,61,61,113,119,121,125,0,0,Rejete
DOS_0026,2,,,,,,,,,,,,,,61,,,,,,,,,,,,,,,,,,31,37,61,42,45,47,51,61,61,63,68,45,22,72,17,61,83,61,90,94,94,102,61,105,61,110,61,118,120,61,186.4489,183.2021,Bon
DOS_0027,2,,,,,,,,,,,,,,95,,,,,,,,,,,,,,,,,,32,37,55,61,45,49,50,61,58,67,67,70,22,72,18,81,85,61,61,61,61,102,61,61,61,110,115,119,121,61,187.7325,189.5592,Bon
DOS_0028,2,,,,,,,,,,,,,,97,,,,,,,,,,,,,,,,,,31,35,61,41,45,49,53,41,59,67,68,45,61,73,61,80,84,88,90,61,93,102,35,61,61,109,114,117,121,124,196.117,197.0585,Bon
DOS_0029,2,,,,,,,,,,,,,,61,,,,,,,,,,,,,,,,,,33,35,7,40,45,61,52,41,58,67,68,61,19,61,18,61,61,87,91,61,61,100,35,106,107,61,114,61,121,123,75.9277,92.9577,Tres_Risque
DOS_0030,1,126,6,11,12,60,14,61,6,61,79,85,86,61,98,26,27,61,61,27,61,28,28,61,26,28,61,28,28,28,27,28,,,,,,,,,,,,,,,,,,,,,,100,102,105,107,111,61,61,122,123,0,0,Rejete
DOS_0031,1,126,9,10,13,61,67,16,21,61,77,84,84,86,61,28,26,28,27,61,26,28,26,28,28,28,26,27,27,61,26,61,,,,,,,,,,,,,,,,,,,,,,100,61,105,61,111,61,61,120,123,0,0,Rejete
DOS_0032,2,,,,,,,,,,,,,,96,,,,,,,,,,,,,,,,,,33,36,42,42,53,48,51,56,61,63,68,71,6,75,78,81,85,61,90,94,93,102,104,105,107,111,61,116,61,125,131.3097,148.7705,Moyen
DOS_0033,1,126,8,10,41,57,68,16,6,61,61,86,83,86,96,61,61,61,28,26,61,26,27,61,28,26,61,26,27,61,61,28,,,,,,,,,,,,,,,,,,,,,,102,104,106,61,111,115,116,61,125,0,0,Rejete
DOS_0034,2,,,,,,,,,,,,,,61,,,,,,,,,,,,,,,,,,30,37,39,57,54,46,54,61,59,62,61,45,20,61,78,61,85,89,90,94,94,101,104,105,107,61,61,61,120,61,192.3812,185.3058,Bon
DOS_0035,1,126,7,11,12,57,61,61,22,61,79,85,61,86,95,26,28,26,27,26,27,61,61,27,28,28,28,61,61,28,26,61,,,,,,,,,,,,,,,,,,,,,,61,35,61,107,109,61,117,120,123,0,0,Rejete
DOS_0036,1,130,9,11,61,57,61,18,20,61,61,85,84,61,96,28,26,28,28,27,27,28,28,27,27,27,27,26,28,26,26,61,,,,,,,,,,,,,,,,,,,,,,101,104,105,61,109,61,119,61,61,0,0,Rejete
DOS_0037,1,127,61,10,61,60,61,61,20,61,17,61,86,86,96,61,27,27,27,28,26,61,61,26,26,28,26,27,28,61,27,27,,,,,,,,,,,,,,,,,,,,,,61,35,105,61,111,113,118,121,61,0,0,Rejete
DOS_0038,2,,,,,,,,,,,,,,61,,,,,,,,,,,,,,,,,,32,37,55,42,44,49,54,56,57,61,67,52,19,74,78,61,83,87,90,94,61,101,102,105,107,110,115,61,121,124,197.3568,196.9926,Bon
DOS_0039,2,,,,,,,,,,,,,,99,,,,,,,,,,,,,,,,,,31,36,7,57,44,47,53,61,57,65,67,70,22,72,79,81,84,87,61,94,94,61,35,61,107,111,61,119,120,123,170.9312,172.981,Bon
DOS_0040,1,128,7,11,57,57,68,17,61,24,61,86,83,85,97,26,28,28,61,61,28,26,27,28,28,26,28,28,26,28,61,61,,,,,,,,,,,,,,,,,,,,,,102,103,61,61,61,113,116,120,123,0,0,Rejete
DOS_0041,1,128,6,61,12,59,14,18,19,23,77,86,84,86,99,28,61,28,26,26,61,28,61,27,26,27,61,26,27,26,27,28,,,,,,,,,,,,,,,,,,,,,,102,61,61,107,111,115,61,121,61,0,0,Rejete
DOS_0042,1,126,6,11,41,61,67,61,19,61,17,85,85,86,98,61,27,26,27,26,61,27,28,26,28,28,26,28,28,27,27,61,,,,,,,,,,,,,,,,,,,,,,61,35,61,61,61,61,116,120,125,0,0,Rejete
DOS_0043,1,127,6,10,41,61,61,17,6,24,78,86,86,61,96,27,27,61,26,26,27,28,28,27,28,28,26,28,27,28,27,61,,,,,,,,,,,,,,,,,,,,,,102,102,105,61,109,114,116,121,124,0,0,Rejete
DOS_0044,1,127,61,10,40,57,61,18,6,61,18,84,86,85,98,26,27,61,61,61,61,27,27,28,28,28,61,27,28,26,28,27,,,,,,,,,,,,,,,,,,,,,,102,61,105,61,61,114,119,122,123,0,0,Rejete
DOS_0045,1,126,6,61,12,59,61,16,22,24,78,86,84,84,99,28,61,61,28,26,26,61,28,28,61,28,26,61,26,27,28,27,,,,,,,,,,,,,,,,,,,,,,101,103,61,107,109,115,61,121,123,0,0,Rejete
DOS_0046,1,130,61,61,13,57,68,16,6,61,78,85,86,61,96,27,28,28,27,61,28,28,61,61,28,61,26,28,28,26,61,61,,,,,,,,,,,,,,,,,,,,,,100,103,61,61,109,112,117,122,124,0,0,Rejete
DOS_0047,2,,,,,,,,,,,,,,96,,,,,,,,,,,,,,,,,,33,38,7,61,54,61,51,55,61,61,67,71,21,75,17,81,61,61,61,61,61,61,103,61,107,61,115,61,120,124,109.7554,130.2894,Risque
DOS_0048,2,,,,,,,,,,,,,,96,,,,,,,,,,,,,,,,,,32,61,42,41,45,49,54,56,61,63,61,52,61,61,78,61,85,89,90,61,94,102,104,105,61,111,114,61,61,61,194.5221,188.4296,Bon
DOS_0049,1,61,6,61,41,58,68,17,20,23,61,86,85,86,99,27,61,61,61,27,28,28,27,26,27,26,27,61,27,26,61,27,,,,,,,,,,,,,,,,,,,,,,61,103,61,61,110,112,116,61,124,0,0,Rejete
DOS_0050,2,,,,,,,,,,,,,,97,,,,,,,,,,,,,,,,,,31,35,55,41,54,61,50,56,61,67,61,71,61,74,61,80,61,88,90,61,61,102,102,105,61,110,114,118,61,61,200.7321,198.9771,Excellent
DOS_0051,1,127,6,11,40,60,67,16,21,61,77,85,84,86,98,28,28,27,27,27,61,27,61,28,61,61,27,27,26,61,28,61,,,,,,,,,,,,,,,,,,,,,,100,104,61,61,110,112,119,121,123,0,0,Rejete
DOS_0052,1,130,61,10,40,60,61,61,19,24,17,61,86,85,61,26,27,26,26,61,28,26,27,26,61,26,28,61,27,27,61,28,,,,,,,,,,,,,,,,,,,,,,102,61,105,61,61,61,116,61,61,0,0,Rejete
DOS_0053,1,129,61,10,61,58,67,61,21,24,61,86,85,84,98,26,26,61,26,27,27,26,27,61,26,27,26,61,61,27,27,27,,,,,,,,,,,,,,,,,,,,,,102,35,61,107,61,113,117,121,124,0,0,Rejete
DOS_0054,1,127,61,11,13,59,68,16,61,61,78,61,85,86,61,61,27,61,27,27,28,27,27,61,61,27,61,27,28,27,28,28,,,,,,,,,,,,,,,,,,,,,,102,103,105,61,61,114,119,122,124,0,0,Rejete
DOS_0055,2,,,,,,,,,,,,,,97,,,,,,,,,,,,,,,,,,61,36,55,41,53,61,54,55,61,67,67,45,61,75,17,61,85,89,91,94,94,100,103,105,61,110,113,61,122,125,170.7344,174.6306,Bon
DOS_0056,1,126,6,11,40,60,61,17,21,23,17,84,86,61,95,61,61,27,28,27,27,61,61,26,26,26,26,26,61,27,27,27,,,,,,,,,,,,,,,,,,,,,,102,104,105,107,111,115,61,121,125,0,0,Rejete
DOS_0057,1,128,61,11,61,57,14,17,19,61,61,61,84,84,61,28,61,26,28,61,61,27,27,28,26,26,26,61,61,61,61,27,,,,,,,,,,,,,,,,,,,,,,61,35,61,108,61,112,116,120,125,0,0,Rejete
DOS_0058,2,,,,,,,,,,,,,,96,,,,,,,,,,,,,,,,,,32,37,43,57,54,46,51,41,57,63,69,61,20,61,78,82,84,61,61,61,61,61,104,61,107,109,113,61,122,61,152.2232,138.2987,Moyen
DOS_0059,2,,,,,,,,,,,,,,97,,,,,,,,,,,,,,,,,,29,61,61,41,44,46,53,41,61,66,68,71,20,74,79,61,86,87,61,94,93,100,104,61,61,61,113,61,121,123,163.4477,154.6487,Bon
DOS_0060,1,61,6,11,41,57,67,16,20,24,78,85,61,83,99,28,61,61,26,27,27,61,28,28,28,61,27,26,27,61,28,28,,,,,,,,,,,,,,,,,,,,,,100,35,61,61,61,112,116,121,61,0,0,Rejete
DOS_0061,2,,,,,,,,,,,,,,99,,,,,,,,,,,,,,,,,,30,38,43,43,45,49,50,41,60,64,61,61,20,74,77,61,86,89,91,61,94,102,35,61,61,110,114,117,61,124,188.0744,178.4627,Bon
DOS_0062,1,128,61,10,13,57,14,17,61,23,78,85,84,86,95,61,61,61,26,28,26,26,61,28,27,26,61,28,61,26,26,27,,,,,,,,,,,,,,,,,,,,,,101,61,61,107,61,114,117,122,123,0,0,Rejete
DOS_0063,1,130,8,11,41,61,14,18,22,23,18,86,84,61,95,26,61,61,28,26,28,26,27,26,28,26,27,27,27,27,28,28,,,,,,,,,,,,,,,,,,,,,,61,102,105,107,110,114,118,122,125,0,0,Rejete
DOS_0064,1,127,6,11,57,61,67,18,6,23,79,86,83,85,96,61,61,26,28,28,61,27,61,28,26,27,28,26,27,28,26,61,,,,,,,,,,,,,,,,,,,,,,101,102,105,107,110,114,117,122,125,0,0,Rejete
DOS_0065,1,130,6,11,40,58,61,61,6,23,77,86,61,61,98,61,61,61,61,27,26,26,27,28,26,28,27,28,27,61,61,27,,,,,,,,,,,,,,,,,,,,,,61,61,61,107,109,113,117,122,61,0,0,Rejete
DOS_0066,2,,,,,,,,,,,,,,98,,,,,,,,,,,,,,,,,,33,37,43,57,61,49,54,41,58,67,67,52,20,61,79,61,84,88,90,92,61,61,35,105,61,111,113,61,122,125,124.256,143.6303,Moyen
DOS_0067,1,128,9,61,61,60,68,17,20,23,61,84,61,85,95,26,26,61,28,28,61,61,27,26,61,28,26,61,27,61,27,28,,,,,,,,,,,,,,,,,,,,,,100,103,61,107,111,115,119,122,61,0,0,Rejete
DOS_0068,2,,,,,,,,,,,,,,61,,,,,,,,,,,,,,,,,,33,36,43,42,52,46,50,55,57,64,61,52,61,74,17,80,83,89,61,61,94,61,35,105,107,111,114,118,121,123,84.5554,105.1164,Risque
DOS_0069,1,127,7,61,57,60,15,61,19,24,61,86,83,83,61,28,27,61,27,27,26,26,27,61,28,27,27,61,61,27,26,27,,,,,,,,,,,,,,,,,,,,,,100,103,105,61,110,112,117,61,125,0,0,Rejete
DOS_0070,2,,,,,,,,,,,,,,95,,,,,,,,,,,,,,,,,,32,37,42,41,45,47,52,55,61,61,67,61,6,76,17,82,86,61,90,92,61,101,61,61,107,61,112,117,61,123,183.6976,183.6946,Bon
DOS_0071,2,,,,,,,,,,,,,,96,,,,,,,,,,,,,,,,,,30,38,43,42,52,61,61,41,57,64,61,61,22,75,61,80,61,88,91,92,61,61,35,105,107,61,61,61,122,123,174.7256,170.9624,Bon
DOS_0072,2,,,,,,,,,,,,,,95,,,,,,,,,,,,,,,,,,31,38,43,61,61,46,52,6,58,61,67,45,19,61,17,81,61,89,90,94,61,101,35,61,107,109,115,118,121,125,199.5604,198.3219,Bon
DOS_0073,2,,,,,,,,,,,,,,98,,,,,,,,,,,,,,,,,,34,37,43,57,52,61,61,55,61,63,61,45,20,61,79,80,83,61,91,94,93,61,102,61,107,109,112,117,121,124,178.1508,177.5988,Bon
DOS_0074,2,,,,,,,,,,,,,,98,,,,,,,,,,,,,,,,,,61,38,39,41,45,49,61,56,61,67,68,70,21,72,79,80,85,89,61,61,94,102,35,105,107,61,114,117,121,61,184.9287,182.3109,Bon
DOS_0075,2,,,,,,,,,,,,,,95,,,,,,,,,,,,,,,,,,30,61,39,40,44,49,50,41,59,65,68,71,19,73,61,80,61,61,61,94,61,102,35,106,61,111,112,117,61,123,177.0643,167.4216,Bon
DOS_0076,1,129,61,10,12,59,14,16,21,24,77,61,83,84,95,61,28,61,26,28,27,61,28,26,26,27,28,26,27,28,27,27,,,,,,,,,,,,,,,,,,,,,,101,103,61,61,110,113,117,61,124,0,0,Rejete
DOS_0077,2,,,,,,,,,,,,,,95,,,,,,,,,,,,,,,,,,29,37,7,40,44,49,53,61,60,62,68,70,61,61,61,82,83,88,61,94,94,101,35,105,107,109,112,116,121,123,199.5534,194.7065,Bon
DOS_0078,1,127,6,61,12,60,61,18,20,23,79,61,86,83,95,27,61,27,27,26,61,28,28,28,28,61,28,27,26,28,27,26,,,,,,,,,,,,,,,,,,,,,,61,35,105,107,110,115,119,61,125,0,0,Rejete
DOS_0079,1,130,61,10,40,58,61,18,21,23,17,83,85,61,95,28,27,61,26,26,26,27,27,61,26,28,27,27,28,27,28,27,,,,,,,,,,,,,,,,,,,,,,100,103,105,107,110,114,61,120,124,0,0,Rejete
DOS_0080,2,,,,,,,,,,,,,,95,,,,,,,,,,,,,,,,,,29,61,7,57,52,49,54,55,59,64,67,61,61,76,77,81,85,88,90,61,61,102,104,105,61,110,115,118,120,61,219.7293,211.679,Excellent
DOS_0081,1,130,61,10,12,57,14,17,22,23,77,85,83,83,95,61,27,61,61,61,28,61,28,27,27,61,26,26,28,26,28,27,,,,,,,,,,,,,,,,,,,,,,101,104,61,107,110,112,118,61,61,0,0,Rejete
DOS_0082,1,129,7,61,57,61,61,17,20,23,18,61,61,85,97,26,26,61,61,27,26,28,26,28,61,27,26,26,27,27,28,28,,,,,,,,,,,,,,,,,,,,,,102,61,105,107,111,113,119,121,125,0,0,Rejete
DOS_0083,2,,,,,,,,,,,,,,61,,,,,,,,,,,,,,,,,,32,38,42,61,52,46,61,61,59,64,68,61,19,73,61,80,86,88,61,92,61,61,103,61,107,109,114,61,61,61,180.5591,177.3991,Bon
DOS_0084,2,,,,,,,,,,,,,,61,,,,,,,,,,,,,,,,,,30,38,7,57,53,46,54,61,60,64,61,71,20,61,17,82,86,61,61,94,93,101,35,105,107,111,112,116,122,61,200.3789,193.9632,Excellent
DOS_0085,2,,,,,,,,,,,,,,61,,,,,,,,,,,,,,,,,,32,35,42,40,45,61,54,61,61,63,68,61,6,75,18,82,61,61,90,94,93,100,35,61,61,110,115,117,122,124,175.0298,178.3779,Bon
DOS_0086,1,128,1,11,41,58,61,61,6,61,18,86,61,85,99,28,61,27,26,27,27,27,27,26,61,26,28,27,28,28,61,61,,,,,,,,,,,,,,,,,,,,,,61,35,61,61,110,113,119,61,124,0,0,Rejete
DOS_0087,2,,,,,,,,,,,,,,97,,,,,,,,,,,,,,,,,,30,37,42,43,53,47,53,61,58,64,61,52,20,61,17,82,83,87,91,92,93,102,104,61,107,110,115,61,121,123,204.557,197.6574,Excellent
DOS_0088,2,,,,,,,,,,,,,,61,,,,,,,,,,,,,,,,,,61,37,42,42,52,49,52,41,61,61,68,61,61,76,79,82,83,89,91,61,94,61,104,61,107,111,112,119,122,125,192.6558,188.66,Bon
DOS_0089,2,,,,,,,,,,,,,,99,,,,,,,,,,,,,,,,,,31,36,39,43,45,46,54,6,57,61,61,61,20,74,61,61,85,88,61,61,93,102,103,61,61,110,114,61,121,125,184.8923,184.4238,Bon
DOS_0090,1,130,8,61,41,59,14,16,22,23,78,61,83,86,99,27,27,27,28,61,61,27,61,27,26,61,28,27,28,26,26,27,,,,,,,,,,,,,,,,,,,,,,100,103,61,61,109,115,117,121,61,0,0,Rejete
DOS_0091,2,,,,,,,,,,,,,,95,,,,,,,,,,,,,,,,,,30,38,55,40,54,49,61,6,60,63,61,52,19,61,18,81,84,87,91,61,93,61,102,105,61,110,114,118,122,124,235.0025,226.4313,Excellent
DOS_0092,1,61,61,11,12,60,15,17,61,23,17,83,86,85,98,26,26,26,26,61,61,61,28,61,27,27,26,28,61,26,28,61,,,,,,,,,,,,,,,,,,,,,,101,104,105,61,109,112,118,61,123,0,0,Rejete
DOS_0093,1,126,61,10,41,60,61,17,21,23,18,84,83,83,96,61,27,26,26,26,28,27,28,28,61,26,26,27,26,28,28,28,,,,,,,,,,,,,,,,,,,,,,100,35,105,107,61,115,118,61,123,0,0,Rejete
DOS_0094,1,126,1,61,61,59,14,61,20,23,78,86,86,84,98,26,27,26,61,61,61,27,28,26,27,61,61,26,61,61,26,61,,,,,,,,,,,,,,,,,,,,,,101,104,61,107,61,114,119,61,124,0,0,Rejete
DOS_0095,1,61,61,61,13,61,61,16,20,61,79,86,86,84,61,27,28,28,26,27,61,61,27,61,61,61,26,61,61,28,26,61,,,,,,,,,,,,,,,,,,,,,,101,104,105,107,109,113,61,61,61,0,0,Rejete
DOS_0096,2,,,,,,,,,,,,,,95,,,,,,,,,,,,,,,,,,32,35,43,43,44,46,54,61,61,62,68,61,6,76,78,61,84,87,91,94,61,102,61,61,61,111,112,116,122,125,188.4948,188.4336,Bon
DOS_0097,1,127,6,10,41,57,67,61,22,23,61,61,84,86,96,61,61,27,27,27,26,61,61,28,61,61,27,28,61,28,28,27,,,,,,,,,,,,,,,,,,,,,,101,103,61,107,109,115,61,61,123,0,0,Rejete
DOS_0098,1,61,61,11,61,58,68,16,6,61,61,86,61,61,95,26,26,26,61,27,26,26,27,28,28,27,26,28,27,26,28,27,,,,,,,,,,,,,,,,,,,,,,101,103,61,107,111,114,61,122,125,0,0,Rejete
DOS_0099,2,,,,,,,,,,,,,,98,,,,,,,,,,,,,,,,,,33,36,61,61,54,49,51,61,60,66,68,52,61,61,61,81,86,88,61,92,61,102,35,61,107,111,113,118,121,124,87.3305,93.5267,Risque
DOS_0100,1,128,8,10,13,59,14,16,22,61,79,84,84,61,95,61,26,28,27,27,28,28,27,61,26,26,28,61,27,27,26,28,,,,,,,,,,,,,,,,,,,,,,102,35,105,61,111,114,61,61,124,0,0,Rejete
DOS_0101,1,126,61,61,41,59,68,17,21,61,18,83,83,84,99,27,61,26,27,26,61,28,27,26,27,28,26,27,28,61,61,28,,,,,,,,,,,,,,,,,,,,,,100,61,61,61,109,61,61,120,61,0,0,Rejete
DOS_0102,1,1,61,10,61,59,14,61,22,24,78,84,84,86,61,28,26,27,26,26,26,61,27,28,27,28,27,61,27,27,27,28,,,,,,,,,,,,,,,,,,,,,,100,35,105,61,109,113,61,121,124,0,0,Rejete
DOS_0103,1,130,61,11,61,57,14,16,20,61,61,83,84,85,61,28,27,28,28,61,27,26,27,61,28,28,27,28,61,61,61,28,,,,,,,,,,,,,,,,,,,,,,100,104,105,61,110,114,61,122,61,0,0,Rejete
DOS_0104,1,61,9,10,13,57,61,61,6,23,18,86,84,61,95,26,61,28,26,27,27,27,27,27,61,28,26,27,61,27,26,27,,,,,,,,,,,,,,,,,,,,,,101,104,105,107,111,113,118,121,124,0,0,Rejete
DOS_0105,1,128,6,10,57,61,68,16,22,61,78,86,84,61,61,61,61,26,27,61,27,27,61,28,27,27,27,27,28,26,27,28,,,,,,,,,,,,,,,,,,,,,,102,35,61,61,111,61,118,122,125,0,0,Rejete
DOS_0106,2,,,,,,,,,,,,,,96,,,,,,,,,,,,,,,,,,32,38,39,43,45,49,50,41,61,62,68,52,6,75,79,82,86,61,91,92,61,100,103,105,107,109,112,117,121,61,163.3578,165.0477,Bon
DOS_0107,2,,,,,,,,,,,,,,95,,,,,,,,,,,,,,,,,,30,61,61,43,52,47,61,56,61,66,61,45,20,75,79,80,84,87,61,61,94,61,61,61,107,109,112,119,61,61,155.4841,143.1771,Moyen
DOS_0108,2,,,,,,,,,,,,,,98,,,,,,,,,,,,,,,,,,32,38,7,43,61,61,50,6,60,67,67,61,6,72,79,61,86,89,90,92,94,101,104,105,61,109,113,118,61,125,190.6017,187.3968,Bon
DOS_0109,1,128,6,10,12,59,61,17,61,23,61,83,84,61,96,26,27,61,26,26,27,61,28,26,26,28,27,28,26,26,61,28,,,,,,,,,,,,,,,,,,,,,,61,103,61,61,109,115,117,122,125,0,0,Rejete
DOS_0110,2,,,,,,,,,,,,,,97,,,,,,,,,,,,,,,,,,61,61,55,40,61,49,53,55,59,61,69,45,21,75,77,61,61,87,61,61,61,101,61,105,107,61,61,117,120,123,151.9859,138.3541,Moyen
DOS_0111,2,,,,,,,,,,,,,,95,,,,,,,,,,,,,,,,,,33,37,7,41,45,61,51,6,57,63,61,70,6,76,77,61,84,89,91,61,94,61,61,61,107,61,61,119,61,123,93.5089,111.421,Risque
DOS_0112,1,127,8,11,12,61,14,18,19,61,17,61,85,84,98,27,27,27,28,27,27,27,61,28,27,26,26,26,61,26,26,28,,,,,,,,,,,,,,,,,,,,,,102,61,106,107,61,114,117,120,61,0,0,Rejete
DOS_0113,2,,,,,,,,,,,,,,97,,,,,,,,,,,,,,,,,,33,37,42,40,54,48,53,41,61,64,67,71,19,61,79,82,84,61,61,92,61,101,35,61,107,61,112,116,122,125,112.191,129.9733,Risque
DOS_0114,1,128,61,11,41,60,68,16,6,23,79,61,86,86,98,27,61,26,27,61,61,27,61,28,61,28,28,26,61,26,27,28,,,,,,,,,,,,,,,,,,,,,,101,102,61,61,110,114,117,120,124,0,0,Rejete
DOS_0115,1,129,9,11,41,57,68,61,21,24,77,61,85,86,98,28,61,61,26,26,27,28,28,28,28,61,28,61,28,61,61,27,,,,,,,,,,,,,,,,,,,,,,102,104,61,107,61,112,119,120,124,0,0,Rejete
DOS_0116,1,128,7,10,40,57,67,16,19,24,79,84,84,85,97,27,26,26,28,28,61,61,61,28,61,27,27,61,61,28,28,27,,,,,,,,,,,,,,,,,,,,,,61,35,61,107,110,115,118,122,124,0,0,Rejete
DOS_0117,2,,,,,,,,,,,,,,97,,,,,,,,,,,,,,,,,,31,38,7,40,52,46,50,61,59,64,68,70,6,73,18,81,86,61,90,92,93,101,104,105,61,111,115,61,61,61,197.4656,193.9181,Bon
DOS_0118,1,130,61,61,61,61,14,18,19,61,78,84,85,83,96,26,27,26,28,28,27,61,27,26,27,26,61,27,28,61,28,28,,,,,,,,,,,,,,,,,,,,,,102,104,61,107,61,61,119,120,123,0,0,Rejete
DOS_0119,2,,,,,,,,,,,,,,61,,,,,,,,,,,,,,,,,,29,37,55,40,44,48,53,55,58,61,68,52,61,72,17,80,86,61,61,94,61,61,103,61,107,61,61,117,122,124,171.827,169.7873,Bon
DOS_0120,1,130,6,61,41,57,14,61,19,23,77,83,61,86,99,27,27,61,26,28,26,26,27,26,27,61,27,28,28,61,27,26,,,,,,,,,,,,,,,,,,,,,,101,104,105,107,109,113,116,120,125,0,0,Rejete
DOS_0121,1,126,6,61,41,61,68,18,19,61,17,85,86,83,99,28,27,28,26,61,27,61,27,28,28,61,28,26,26,26,26,27,,,,,,,,,,,,,,,,,,,,,,61,103,61,61,61,114,61,122,124,0,0,Rejete
DOS_0122,1,126,7,10,13,61,67,16,19,23,61,85,61,86,96,28,26,26,28,26,27,26,27,61,27,27,27,27,61,26,28,61,,,,,,,,,,,,,,,,,,,,,,61,102,61,107,61,115,116,121,123,0,0,Rejete
DOS_0123,2,,,,,,,,,,,,,,98,,,,,,,,,,,,,,,,,,30,36,43,42,54,48,61,41,59,64,68,61,20,76,79,61,85,61,91,94,94,61,104,61,61,110,61,118,120,123,191.7518,184.3509,Bon
DOS_0124,1,128,1,10,41,61,68,17,21,24,79,83,61,86,98,28,61,27,61,26,28,26,61,61,26,26,28,28,61,61,26,27,,,,,,,,,,,,,,,,,,,,,,100,104,105,61,110,114,118,120,123,0,0,Rejete
DOS_0125,2,,,,,,,,,,,,,,98,,,,,,,,,,,,,,,,,,29,38,55,41,54,46,52,61,61,65,67,52,22,74,78,81,86,87,61,94,94,101,104,105,61,110,114,116,122,123,184.9887,181.2523,Bon
DOS_0126,1,127,8,11,12,61,14,61,61,61,18,85,84,85,61,27,28,61,27,61,26,27,28,27,26,26,26,27,27,28,26,27,,,,,,,,,,,,,,,,,,,,,,101,61,105,61,109,115,118,121,123,0,0,Rejete
DOS_0127,1,128,61,10,40,60,67,17,21,23,18,83,86,83,98,28,28,26,26,28,61,27,61,26,28,61,26,27,27,61,26,61,,,,,,,,,,,,,,,,,,,,,,102,61,105,107,111,61,118,61,61,0,0,Rejete
DOS_0128,1,61,9,61,41,58,67,18,6,24,17,83,86,61,97,27,61,28,28,61,27,27,61,27,27,28,27,61,27,27,28,61,,,,,,,,,,,,,,,,,,,,,,102,104,61,61,110,115,117,120,61,0,0,Rejete
DOS_0129,2,,,,,,,,,,,,,,99,,,,,,,,,,,,,,,,,,31,36,61,57,52,49,53,56,58,65,61,61,6,73,79,81,83,61,90,61,93,61,104,105,107,110,112,118,61,125,200.1158,197.2731,Excellent
DOS_0130,1,127,6,10,41,58,61,61,61,24,78,61,86,85,96,26,61,61,26,27,61,26,61,26,27,28,61,61,28,28,61,28,,,,,,,,,,,,,,,,,,,,,,61,103,105,61,110,115,116,122,123,0,0,Rejete
DOS_0131,2,,,,,,,,,,,,,,98,,,,,,,,,,,,,,,,,,33,36,42,61,53,46,61,61,61,62,61,52,22,72,77,81,83,61,61,94,61,100,103,105,61,111,112,116,120,61,91.1658,111.4282,Risque
DOS_0132,2,,,,,,,,,,,,,,61,,,,,,,,,,,,,,,,,,33,38,55,40,52,61,61,41,58,64,67,45,20,73,18,80,86,87,61,94,61,101,103,105,61,111,115,119,121,124,99.5263,118.1643,Risque
DOS_0133,1,126,7,10,13,61,14,18,19,23,18,83,86,84,96,27,61,28,26,26,28,28,28,26,61,26,28,61,27,26,28,28,,,,,,,,,,,,,,,,,,,,,,102,61,105,107,111,112,116,120,125,0,0,Rejete
DOS_0134,1,130,61,61,61,61,14,61,20,61,79,61,84,85,99,26,61,26,27,61,61,26,61,27,26,27,28,28,26,28,28,28,,,,,,,,,,,,,,,,,,,,,,100,102,61,61,61,115,117,120,123,0,0,Rejete
DOS_0135,2,,,,,,,,,,,,,,96,,,,,,,,,,,,,,,,,,31,37,42,61,54,61,50,41,59,64,68,61,21,75,78,82,61,87,90,61,93,101,104,61,107,109,61,118,122,125,198.7533,194.6737,Bon
DOS_0136,1,129,8,61,13,61,14,18,22,23,78,84,61,85,61,26,27,26,61,26,61,27,28,28,28,27,26,27,27,26,61,61,,,,,,,,,,,,,,,,,,,,,,61,103,61,61,110,115,118,120,123,0,0,Rejete
DOS_0137,1,126,61,10,41,57,68,18,21,23,17,86,83,85,61,26,26,26,27,28,28,28,61,28,27,27,26,28,28,61,26,28,,,,,,,,,,,,,,,,,,,,,,61,35,61,108,111,61,118,120,124,0,0,Rejete
DOS_0138,2,,,,,,,,,,,,,,99,,,,,,,,,,,,,,,,,,32,35,55,42,53,47,61,61,59,64,67,71,19,75,77,61,84,89,91,94,94,61,61,105,107,61,113,117,121,125,172.3551,174.2404,Bon
DOS_0139,1,126,6,10,41,61,67,61,21,61,78,84,61,84,99,28,27,61,61,28,27,27,27,61,26,61,28,26,61,27,28,27,,,,,,,,,,,,,,,,,,,,,,102,61,105,107,61,113,61,122,61,0,0,Rejete
DOS_0140,2,,,,,,,,,,,,,,95,,,,,,,,,,,,,,,,,,33,38,7,42,61,46,50,41,57,65,67,70,21,76,61,61,61,87,61,61,94,101,61,105,61,111,114,116,61,124,113.8288,136.5811,Risque
DOS_0141,1,126,1,10,41,60,61,61,6,23,61,61,86,85,61,27,27,26,26,26,27,61,27,26,27,61,61,61,27,61,61,28,,,,,,,,,,,,,,,,,,,,,,100,103,61,61,110,113,117,122,124,0,0,Rejete
DOS_0142,1,129,61,11,61,59,14,17,19,61,78,86,61,83,95,26,28,26,28,26,61,61,28,28,61,28,28,28,27,26,28,61,,,,,,,,,,,,,,,,,,,,,,101,61,61,107,109,61,118,61,124,0,0,Rejete
DOS_0143,1,130,7,61,41,60,14,17,21,24,18,86,85,84,95,27,26,28,26,27,27,61,28,61,27,61,27,27,28,26,28,27,,,,,,,,,,,,,,,,,,,,,,100,104,105,61,109,61,117,121,124,0,0,Rejete
DOS_0144,1,129,61,10,12,59,14,18,6,61,18,85,85,85,61,61,61,27,27,28,27,28,61,26,26,26,61,26,26,61,28,28,,,,,,,,,,,,,,,,,,,,,,61,102,61,108,109,115,61,121,123,0,0,Rejete
DOS_0145,1,130,61,61,40,57,68,61,21,24,78,85,85,84,99,61,61,28,26,28,28,27,28,27,61,27,61,26,27,61,27,27,,,,,,,,,,,,,,,,,,,,,,100,35,105,107,109,114,119,61,125,0,0,Rejete
DOS_0146,2,,,,,,,,,,,,,,97,,,,,,,,,,,,,,,,,,29,35,55,57,54,48,53,55,57,65,69,71,22,75,61,81,86,87,61,61,61,61,103,61,61,109,112,119,122,125,144.6057,133.4186,Moyen
DOS_0147,1,61,61,11,57,58,61,61,19,61,61,84,84,83,98,27,61,61,26,28,61,61,27,26,28,26,28,26,61,26,27,61,,,,,,,,,,,,,,,,,,,,,,61,104,105,107,111,112,119,120,123,0,0,Rejete
DOS_0148,1,130,61,10,57,60,68,18,19,23,61,61,84,61,99,61,27,26,27,61,28,61,61,27,28,27,26,27,28,26,26,28,,,,,,,,,,,,,,,,,,,,,,100,103,61,107,109,112,119,61,123,0,0,Rejete
DOS_0149,1,127,61,10,40,60,15,61,19,61,61,84,84,85,97,27,26,27,61,26,28,28,61,27,27,26,26,28,27,61,27,27,,,,,,,,,,,,,,,,,,,,,,100,61,105,107,111,115,117,122,61,0,0,Rejete
DOS_0150,1,129,8,61,57,59,67,61,6,23,17,83,84,86,97,28,27,26,28,27,26,27,27,61,27,26,61,61,26,61,27,61,,,,,,,,,,,,,,,,,,,,,,100,104,61,61,109,61,116,121,61,0,0,Rejete
DOS_0151,1,127,8,61,41,59,61,18,22,23,77,61,84,61,95,61,27,61,61,28,26,61,27,27,28,61,27,27,26,61,26,28,,,,,,,,,,,,,,,,,,,,,,102,103,105,107,110,61,117,120,123,0,0,Rejete
DOS_0152,2,,,,,,,,,,,,,,61,,,,,,,,,,,,,,,,,,32,61,42,42,61,46,53,6,61,62,67,45,22,61,77,61,83,61,91,92,94,101,35,61,107,110,61,61,61,124,175.2181,175.4461,Bon
DOS_0153,1,61,9,61,57,59,14,16,61,23,79,85,86,61,61,27,26,27,27,28,27,26,61,27,27,28,28,28,61,28,26,28,,,,,,,,,,,,,,,,,,,,,,102,102,105,107,111,112,119,61,125,0,0,Rejete
DOS_0154,1,126,61,61,13,61,61,17,20,24,18,84,86,84,61,61,27,61,28,61,61,26,27,26,27,28,61,28,28,61,61,61,,,,,,,,,,,,,,,,,,,,,,102,102,105,61,109,114,116,120,123,0,0,Rejete
DOS_0155,1,127,8,11,41,58,14,17,20,23,61,83,85,61,61,28,27,27,26,28,28,27,61,27,28,26,26,61,61,27,61,27,,,,,,,,,,,,,,,,,,,,,,102,35,61,107,110,113,116,120,61,0,0,Rejete
DOS_0156,1,130,9,11,41,60,67,61,21,23,78,85,83,61,61,27,26,26,61,26,61,27,61,26,28,61,27,61,28,61,28,26,,,,,,,,,,,,,,,,,,,,,,101,61,105,107,110,114,116,120,124,0,0,Rejete
DOS_0157,1,130,6,61,12,58,67,18,20,23,77,86,83,83,95,27,61,27,27,27,61,28,27,28,28,61,61,27,26,26,27,61,,,,,,,,,,,,,,,,,,,,,,61,104,61,61,61,112,61,122,125,0,0,Rejete
DOS_0158,2,,,,,,,,,,,,,,95,,,,,,,,,,,,,,,,,,61,37,42,40,53,47,50,55,57,61,61,45,21,76,61,82,83,88,91,94,93,102,102,61,61,109,113,61,121,125,215.1529,210.3681,Excellent
DOS_0159,1,128,9,61,61,58,14,16,61,24,77,85,84,83,61,61,61,28,27,26,27,27,27,26,61,61,26,26,27,26,61,61,,,,,,,,,,,,,,,,,,,,,,100,61,105,107,111,61,61,120,125,0,0,Rejete
DOS_0160,1,130,9,10,61,57,68,16,19,24,61,86,83,84,98,26,61,26,28,26,26,28,27,26,27,27,27,28,26,26,27,28,,,,,,,,,,,,,,,,,,,,,,102,35,105,61,109,112,119,61,123,0,0,Rejete
DOS_0161,2,,,,,,,,,,,,,,95,,,,,,,,,,,,,,,,,,30,61,61,43,45,61,54,55,57,65,69,52,6,61,78,81,84,89,91,94,94,100,61,105,107,111,115,116,121,124,139.2283,130.2096,Moyen
DOS_0162,2,,,,,,,,,,,,,,99,,,,,,,,,,,,,,,,,,32,35,43,40,53,48,61,56,59,64,68,70,22,73,18,82,86,87,91,94,93,100,35,61,61,61,113,116,120,123,179.6413,179.7699,Bon
DOS_0163,1,126,8,10,41,58,14,61,61,61,79,61,86,86,95,26,26,28,61,61,27,27,26,26,61,26,27,61,28,27,28,27,,,,,,,,,,,,,,,,,,,,,,101,104,61,61,111,114,119,121,124,0,0,Rejete
DOS_0164,2,,,,,,,,,,,,,,95,,,,,,,,,,,,,,,,,,33,38,42,40,52,49,53,61,59,67,68,71,22,75,18,81,84,61,91,92,94,102,61,105,107,109,61,118,122,61,134.4444,149.7442,Moyen
DOS_0165,2,,,,,,,,,,,,,,61,,,,,,,,,,,,,,,,,,33,61,43,42,53,61,51,61,59,63,67,61,19,73,77,80,83,61,91,94,93,100,102,61,61,111,114,119,61,125,130.9407,149.6056,Moyen
DOS_0166,1,128,7,11,57,57,61,16,21,23,61,61,86,85,99,27,28,61,28,27,28,28,27,61,26,27,28,28,26,28,61,61,,,,,,,,,,,,,,,,,,,,,,102,103,105,61,61,114,119,61,61,0,0,Rejete
DOS_0167,2,,,,,,,,,,,,,,61,,,,,,,,,,,,,,,,,,33,35,43,41,52,46,54,61,58,63,61,70,20,75,78,61,83,88,61,94,94,61,102,105,61,111,61,117,121,61,110.8566,127.0128,Risque
DOS_0168,1,129,7,61,40,58,67,18,61,23,78,61,84,86,97,27,26,27,28,61,61,61,27,27,27,28,27,26,28,28,27,27,,,,,,,,,,,,,,,,,,,,,,102,102,61,61,111,113,118,120,123,0,0,Rejete
DOS_0169,2,,,,,,,,,,,,,,96,,,,,,,,,,,,,,,,,,29,35,55,41,54,48,50,6,60,65,61,70,22,72,17,82,86,88,91,92,93,102,35,105,107,109,114,61,121,123,192.6129,188.8958,Bon
DOS_0170,2,,,,,,,,,,,,,,96,,,,,,,,,,,,,,,,,,31,61,55,42,54,48,61,55,60,61,68,45,61,76,18,81,86,89,61,61,61,102,61,105,107,109,114,61,122,123,191.2568,187.5591,Bon
DOS_0171,2,,,,,,,,,,,,,,61,,,,,,,,,,,,,,,,,,32,37,7,57,45,48,51,41,60,64,68,71,19,73,61,80,61,89,91,61,61,61,104,61,61,111,114,119,120,123,199.0825,193.5843,Bon
DOS_0172,1,61,6,10,61,61,61,18,21,24,78,85,85,84,61,27,61,61,27,26,26,27,28,27,28,27,26,61,61,28,27,28,,,,,,,,,,,,,,,,,,,,,,102,104,105,107,110,113,61,61,61,0,0,Rejete
DOS_0173,1,126,6,11,61,58,61,17,22,23,78,86,84,86,61,28,27,61,27,28,61,26,26,28,61,27,61,61,28,26,26,27,,,,,,,,,,,,,,,,,,,,,,61,35,105,61,110,114,117,120,123,0,0,Rejete
DOS_0174,1,128,61,61,61,59,68,18,6,23,79,86,85,86,61,61,27,28,26,28,26,27,28,28,61,28,28,28,28,61,27,28,,,,,,,,,,,,,,,,,,,,,,100,35,61,61,110,113,61,120,123,0,0,Rejete
DOS_0175,2,,,,,,,,,,,,,,95,,,,,,,,,,,,,,,,,,61,38,55,40,45,46,51,41,59,63,61,71,22,75,18,80,84,89,90,92,61,100,102,61,61,110,114,116,122,124,202.6668,201.0435,Excellent
DOS_0176,1,129,8,11,61,57,68,61,19,23,78,83,85,83,98,27,27,26,28,28,26,26,61,61,26,61,28,27,27,61,26,26,,,,,,,,,,,,,,,,,,,,,,100,104,105,107,61,114,61,122,125,0,0,Rejete
DOS_0177,1,128,8,10,41,59,68,18,22,24,78,86,83,86,95,61,26,26,28,61,27,27,61,26,28,61,61,26,61,28,27,61,,,,,,,,,,,,,,,,,,,,,,61,102,105,107,61,61,61,121,124,0,0,Rejete
DOS_0178,2,,,,,,,,,,,,,,61,,,,,,,,,,,,,,,,,,33,38,7,43,44,61,50,55,60,65,61,45,19,61,61,81,83,87,91,61,61,100,61,61,61,61,113,119,122,125,106.8715,126.3106,Risque
DOS_0179,1,130,9,10,40,61,15,61,19,23,61,86,85,61,61,26,27,27,26,27,26,26,27,26,27,61,27,27,61,27,26,28,,,,,,,,,,,,,,,,,,,,,,101,35,105,107,61,115,61,121,61,0,0,Rejete
DOS_0180,1,126,8,61,61,60,61,61,19,24,18,61,61,61,95,61,61,61,27,26,26,61,61,26,28,61,61,26,61,28,61,27,,,,,,,,,,,,,,,,,,,,,,61,102,106,107,109,115,119,121,123,0,0,Rejete
DOS_0181,1,129,8,61,40,60,14,18,22,23,79,84,84,84,99,61,61,28,27,27,26,26,28,28,27,27,26,26,28,61,26,27,,,,,,,,,,,,,,,,,,,,,,102,61,61,61,110,112,119,120,61,0,0,Rejete
DOS_0182,2,,,,,,,,,,,,,,96,,,,,,,,,,,,,,,,,,31,37,55,43,52,47,61,61,60,67,67,45,20,74,17,61,83,88,61,94,93,100,35,105,107,111,61,119,122,124,188.7688,194.2832,Bon
DOS_0183,1,126,6,11,41,59,61,61,20,23,78,85,83,86,98,26,26,28,28,61,27,61,27,27,26,28,61,61,28,28,28,26,,,,,,,,,,,,,,,,,,,,,,101,35,61,107,61,115,61,120,123,0,0,Rejete
DOS_0184,2,,,,,,,,,,,,,,61,,,,,,,,,,,,,,,,,,30,38,42,61,45,61,54,61,60,61,67,61,6,74,17,82,84,87,90,61,94,61,104,61,61,109,61,118,122,124,202.7467,195.8777,Excellent
DOS_0185,1,61,9,11,61,57,68,18,61,61,79,61,84,86,61,27,28,61,26,27,61,61,27,61,27,61,27,61,26,28,61,61,,,,,,,,,,,,,,,,,,,,,,102,35,105,107,110,114,118,120,123,0,0,Rejete
DOS_0186,2,,,,,,,,,,,,,,97,,,,,,,,,,,,,,,,,,33,38,61,42,53,49,61,6,61,64,61,52,6,74,18,80,61,89,90,61,94,101,103,61,107,61,112,118,121,123,102.876,116.385,Risque
DOS_0187,2,,,,,,,,,,,,,,97,,,,,,,,,,,,,,,,,,32,35,39,40,54,49,50,56,58,67,61,70,6,75,77,61,84,61,91,61,61,102,103,61,108,61,61,117,61,124,160.6324,151.7889,Bon
DOS_0188,1,130,8,11,41,59,67,16,61,61,18,84,86,61,98,27,26,28,27,27,61,26,61,28,61,26,61,26,28,61,27,61,,,,,,,,,,,,,,,,,,,,,,100,102,105,61,110,61,61,61,123,0,0,Rejete
DOS_0189,1,126,61,10,41,59,67,16,6,24,17,83,85,84,61,61,26,26,27,27,27,61,61,61,26,28,26,28,61,61,26,28,,,,,,,,,,,,,,,,,,,,,,101,103,105,61,109,114,119,122,125,0,0,Rejete
DOS_0190,2,,,,,,,,,,,,,,97,,,,,,,,,,,,,,,,,,29,37,43,43,61,46,51,61,61,62,67,52,6,75,79,80,61,89,61,92,94,101,104,105,107,61,112,119,120,123,187.9236,183.8137,Bon
DOS_0191,2,,,,,,,,,,,,,,98,,,,,,,,,,,,,,,,,,32,37,61,40,54,61,52,55,61,61,68,71,20,76,79,82,85,88,61,94,94,101,61,105,107,111,114,119,122,124,183.7496,181.9476,Bon
DOS_0192,1,127,7,61,12,58,67,16,6,23,61,61,85,86,99,61,28,27,61,26,27,26,61,28,27,26,28,27,27,61,28,28,,,,,,,,,,,,,,,,,,,,,,100,35,61,107,61,114,119,120,123,0,0,Rejete
DOS_0193,2,,,,,,,,,,,,,,99,,,,,,,,,,,,,,,,,,30,35,39,61,53,46,52,61,61,62,61,52,6,61,77,80,85,61,90,94,94,61,103,105,107,110,61,61,120,125,170.46,169.4587,Bon
DOS_0194,1,129,61,10,61,59,67,61,6,23,61,84,84,85,98,26,26,61,61,26,28,28,28,27,28,26,28,27,26,61,26,61,,,,,,,,,,,,,,,,,,,,,,101,35,61,61,110,112,117,121,123,0,0,Rejete
DOS_0195,1,126,7,10,57,59,14,17,22,24,18,83,86,86,96,26,28,26,61,28,27,26,61,26,27,27,28,28,61,61,61,27,,,,,,,,,,,,,,,,,,,,,,61,35,61,107,61,61,61,122,61,0,0,Rejete
DOS_0196,2,,,,,,,,,,,,,,61,,,,,,,,,,,,,,,,,,31,61,42,43,61,48,52,61,60,61,67,52,6,76,18,82,84,87,91,92,61,101,103,61,107,61,113,117,61,61,199.9786,197.518,Bon
DOS_0197,1,128,6,11,40,57,68,61,20,24,61,84,83,85,61,26,26,27,28,61,27,28,27,27,27,28,27,27,28,27,28,27,,,,,,,,,,,,,,,,,,,,,,100,102,105,107,111,113,119,61,123,0,0,Rejete
DOS_0198,1,1,7,61,40,59,68,16,6,61,78,84,84,61,61,61,27,26,27,28,27,28,61,28,27,61,27,26,61,26,27,61,,,,,,,,,,,,,,,,,,,,,,61,35,61,61,109,113,117,122,125,0,0,Rejete
DOS_0199,2,,,,,,,,,,,,,,95,,,,,,,,,,,,,,,,,,33,38,39,41,61,48,54,6,59,62,68,71,22,76,17,82,84,87,91,94,61,61,102,105,107,111,61,116,122,124,139.9556,154.6474,Moyen
DOS_0200,1,129,6,11,41,59,14,18,19,24,79,83,83,85,61,27,28,28,28,28,27,27,61,28,26,28,28,28,61,61,26,61,,,,,,,,,,,,,,,,,,,,,,61,104,105,61,109,113,116,61,124,0,0,Rejete
DOS_0201,2,,,,,,,,,,,,,,99,,,,,,,,,,,,,,,,,,32,36,39,61,61,47,53,41,59,61,68,71,6,72,77,81,86,89,91,92,61,61,102,61,61,110,114,116,61,61,179.3416,176.6336,Bon
DOS_0202,2,,,,,,,,,,,,,,96,,,,,,,,,,,,,,,,,,31,37,43,57,54,46,51,41,61,67,67,71,19,74,79,82,83,88,90,61,93,102,61,61,107,61,112,117,61,123,225.0743,223.9443,Excellent
DOS_0203,1,128,9,61,13,57,67,16,20,61,78,84,84,85,97,28,27,61,28,27,26,27,28,27,28,61,61,61,26,26,28,28,,,,,,,,,,,,,,,,,,,,,,100,102,105,61,61,115,117,122,61,0,0,Rejete
DOS_0204,1,128,8,11,40,60,67,16,20,23,77,86,61,83,99,28,61,61,27,28,27,26,27,61,61,28,61,27,61,26,26,61,,,,,,,,,,,,,,,,,,,,,,101,61,105,107,111,113,119,121,123,0,0,Rejete
DOS_0205,2,,,,,,,,,,,,,,61,,,,,,,,,,,,,,,,,,61,38,42,42,44,46,54,41,60,62,61,71,20,72,61,82,85,88,90,61,94,61,103,105,107,109,113,119,120,124,183.4325,180.0105,Bon
DOS_0206,1,130,7,11,61,57,14,61,20,23,18,85,84,83,98,27,27,26,61,26,28,28,27,27,61,61,26,27,27,26,28,27,,,,,,,,,,,,,,,,,,,,,,102,102,105,107,109,112,116,120,123,0,0,Rejete
DOS_0207,1,129,8,10,61,59,67,18,61,61,79,85,86,84,98,28,61,26,28,26,61,61,61,27,26,27,26,26,28,27,61,61,,,,,,,,,,,,,,,,,,,,,,102,61,105,61,110,112,61,121,124,0,0,Rejete
DOS_0208,1,129,8,11,40,61,14,18,61,23,79,85,85,84,98,27,27,61,28,27,61,26,28,26,27,26,27,27,27,26,27,27,,,,,,,,,,,,,,,,,,,,,,100,103,61,61,61,112,117,120,123,0,0,Rejete
DOS_0209,1,61,8,61,40,58,68,61,21,24,18,86,86,86,95,26,61,61,26,28,27,27,28,28,61,28,61,61,26,28,27,27,,,,,,,,,,,,,,,,,,,,,,101,102,61,61,111,115,117,122,124,0,0,Rejete
DOS_0210,1,126,9,11,12,59,67,17,19,24,79,85,61,86,98,61,61,27,27,61,26,28,61,26,27,28,61,27,28,27,27,26,,,,,,,,,,,,,,,,,,,,,,61,102,61,107,110,115,118,121,123,0,0,Rejete
DOS_0211,2,,,,,,,,,,,,,,99,,,,,,,,,,,,,,,,,,32,61,55,43,45,49,51,6,61,61,67,61,21,73,77,61,84,61,90,92,61,102,104,61,61,110,114,116,120,61,195.8625,194.3892,Bon
DOS_0212,2,,,,,,,,,,,,,,96,,,,,,,,,,,,,,,,,,30,36,7,40,61,47,51,6,57,62,68,71,61,76,18,80,86,87,91,92,61,101,61,105,107,110,114,116,122,123,202.1909,200.5117,Excellent
DOS_0213,1,126,1,10,61,58,61,18,21,61,78,84,85,86,61,28,26,26,61,61,27,26,61,28,27,28,61,61,61,27,26,28,,,,,,,,,,,,,,,,,,,,,,100,35,105,61,111,114,118,122,123,0,0,Rejete
DOS_0214,1,126,9,61,12,60,67,17,61,24,77,61,83,84,61,61,27,61,26,61,27,27,61,26,26,61,26,27,28,61,28,28,,,,,,,,,,,,,,,,,,,,,,101,61,105,61,110,61,61,122,123,0,0,Rejete
DOS_0215,2,,,,,,,,,,,,,,99,,,,,,,,,,,,,,,,,,61,35,61,40,54,49,50,56,61,65,68,52,20,74,18,80,85,88,61,92,94,101,61,61,61,111,112,116,122,124,190.9863,188.8077,Bon
DOS_0216,2,,,,,,,,,,,,,,97,,,,,,,,,,,,,,,,,,34,61,43,40,53,49,52,56,61,63,68,71,20,76,77,80,85,87,91,61,94,101,61,105,61,110,61,118,61,124,172.9937,174.9026,Bon
DOS_0217,2,,,,,,,,,,,,,,61,,,,,,,,,,,,,,,,,,31,36,61,40,61,47,61,55,60,61,68,71,22,72,79,82,86,87,90,94,94,101,102,105,61,111,113,61,120,125,199.3312,194.6613,Bon
DOS_0218,1,61,8,10,40,59,61,18,61,23,18,83,83,61,97,61,27,26,26,27,61,61,61,27,61,26,61,61,28,61,28,26,,,,,,,,,,,,,,,,,,,,,,101,35,105,107,109,115,117,121,61,0,0,Rejete
DOS_0219,1,61,8,10,13,57,68,61,19,24,18,61,61,61,96,26,27,26,27,27,26,61,27,26,27,27,27,26,28,26,26,61,,,,,,,,,,,,,,,,,,,,,,61,104,105,61,110,112,119,122,123,0,0,Rejete
DOS_0220,1,127,7,10,41,59,14,16,6,61,79,83,84,84,97,27,28,28,27,61,26,28,61,27,61,61,26,28,61,27,27,61,,,,,,,,,,,,,,,,,,,,,,100,61,61,61,110,112,117,121,124,0,0,Rejete
DOS_0221,1,61,9,61,61,58,67,16,6,23,61,85,85,85,61,26,26,61,27,61,26,26,61,28,61,26,28,28,28,26,26,28,,,,,,,,,,,,,,,,,,,,,,101,102,61,107,61,114,116,120,124,0,0,Rejete
DOS_0222,1,61,61,61,13,61,68,16,22,61,61,61,86,86,61,61,28,28,61,27,28,26,28,28,26,26,26,27,26,27,26,28,,,,,,,,,,,,,,,,,,,,,,61,102,105,107,111,114,117,120,61,0,0,Rejete
DOS_0223,2,,,,,,,,,,,,,,99,,,,,,,,,,,,,,,,,,29,38,61,43,61,47,53,6,57,61,61,61,19,76,78,81,85,88,61,94,94,100,102,105,61,110,113,116,120,61,200.9343,195.4238,Excellent
DOS_0224,1,128,8,61,57,60,14,61,61,61,18,83,61,86,61,26,26,28,27,61,28,26,28,27,26,27,61,26,61,26,27,28,,,,,,,,,,,,,,,,,,,,,,102,104,105,108,61,112,118,121,125,0,0,Rejete
DOS_0225,1,128,8,61,41,60,68,17,19,23,77,85,83,84,98,28,26,61,61,61,27,28,28,61,27,26,26,26,27,27,28,61,,,,,,,,,,,,,,,,,,,,,,100,102,61,107,109,115,119,120,61,0,0,Rejete
DOS_0226,1,128,61,61,57,59,68,17,20,24,18,86,83,61,96,27,27,26,27,61,26,28,27,61,26,27,26,26,61,61,28,27,,,,,,,,,,,,,,,,,,,,,,61,102,105,107,111,115,117,120,124,0,0,Rejete
DOS_0227,1,126,7,11,57,59,67,17,19,61,61,85,61,83,61,61,28,28,28,26,26,26,27,28,28,28,28,27,28,27,61,27,,,,,,,,,,,,,,,,,,,,,,102,104,61,107,111,114,119,122,124,0,0,Rejete
DOS_0228,1,126,8,10,61,57,68,17,6,61,17,61,85,61,95,26,61,26,61,61,26,27,61,27,28,26,26,27,61,61,26,61,,,,,,,,,,,,,,,,,,,,,,61,35,61,61,109,113,119,121,125,0,0,Rejete
DOS_0229,1,129,8,10,57,58,14,16,21,23,77,83,61,84,98,27,28,27,28,26,27,27,27,28,28,28,26,28,27,61,28,27,,,,,,,,,,,,,,,,,,,,,,101,61,105,61,111,113,117,121,123,0,0,Rejete
DOS_0230,2,,,,,,,,,,,,,,98,,,,,,,,,,,,,,,,,,34,36,61,41,45,48,50,61,59,62,68,52,22,73,61,82,83,61,90,94,93,100,102,105,107,61,113,119,121,124,170.7657,175.5032,Bon
DOS_0231,1,61,9,10,40,58,61,16,19,61,79,86,86,83,98,26,27,27,26,28,27,26,27,26,28,26,27,27,61,61,27,28,,,,,,,,,,,,,,,,,,,,,,61,61,105,61,110,61,116,61,123,0,0,Rejete
DOS_0232,1,61,61,10,57,61,15,17,22,23,77,86,84,83,61,28,26,28,26,28,26,26,27,61,28,27,61,27,28,28,28,28,,,,,,,,,,,,,,,,,,,,,,100,35,61,107,111,115,116,120,123,0,0,Rejete
DOS_0233,2,,,,,,,,,,,,,,99,,,,,,,,,,,,,,,,,,31,35,55,40,61,47,52,41,60,63,67,71,21,74,78,61,85,88,61,92,61,61,102,105,61,61,115,61,61,61,183.8785,181.8166,Bon
DOS_0234,1,130,6,10,13,61,68,17,19,24,79,85,85,84,97,61,27,27,27,26,27,26,61,27,61,26,61,28,26,26,26,61,,,,,,,,,,,,,,,,,,,,,,61,61,105,107,61,112,116,121,61,0,0,Rejete
DOS_0235,2,,,,,,,,,,,,,,98,,,,,,,,,,,,,,,,,,31,36,55,40,44,46,54,6,60,61,68,45,20,72,61,81,83,61,91,61,61,101,103,61,61,109,61,117,61,125,178.6898,176.0049,Bon
DOS_0236,1,127,7,61,12,60,61,61,22,24,61,85,86,84,99,26,28,28,26,27,28,27,27,27,26,28,27,27,26,27,28,61,,,,,,,,,,,,,,,,,,,,,,101,103,105,107,61,113,116,121,123,0,0,Rejete
DOS_0237,2,,,,,,,,,,,,,,95,,,,,,,,,,,,,,,,,,32,35,55,41,44,48,50,56,61,67,61,61,19,76,17,61,83,89,90,92,61,102,102,61,107,109,115,61,61,123,207.0413,206.4279,Excellent
DOS_0238,2,,,,,,,,,,,,,,99,,,,,,,,,,,,,,,,,,30,36,61,40,54,61,61,61,58,61,68,52,20,76,79,81,83,87,90,94,93,102,102,61,61,109,61,119,120,61,226.5486,220.5359,Excellent
DOS_0239,1,127,61,11,41,58,61,16,61,23,18,86,86,61,61,28,28,26,61,61,28,26,61,26,27,26,27,26,28,61,27,27,,,,,,,,,,,,,,,,,,,,,,100,35,61,61,61,114,118,120,61,0,0,Rejete
DOS_0240,1,61,6,11,61,57,68,18,22,24,18,84,86,83,99,27,61,27,27,28,26,61,28,61,61,27,26,27,26,61,28,27,,,,,,,,,,,,,,,,,,,,,,61,35,105,61,111,61,119,121,61,0,0,Rejete
DOS_0241,1,129,6,11,13,58,14,61,20,23,77,84,86,85,96,27,26,27,28,28,26,27,27,61,28,26,61,28,26,61,27,61,,,,,,,,,,,,,,,,,,,,,,101,104,105,61,61,115,61,122,123,0,0,Rejete
DOS_0242,2,,,,,,,,,,,,,,96,,,,,,,,,,,,,,,,,,30,36,42,61,54,47,54,6,58,66,67,71,61,75,78,82,86,89,90,92,94,101,104,105,61,61,114,61,61,61,175.1685,161.1536,Bon
DOS_0243,2,,,,,,,,,,,,,,95,,,,,,,,,,,,,,,,,,32,38,7,61,61,49,61,56,57,61,61,45,61,75,79,82,84,61,61,94,94,100,35,105,61,109,115,117,120,124,166.8836,167.5088,Bon
DOS_0244,1,129,6,10,41,59,67,17,22,23,18,61,85,85,97,61,27,61,26,61,27,61,27,61,28,27,61,27,26,27,26,28,,,,,,,,,,,,,,,,,,,,,,101,61,61,61,109,114,61,120,61,0,0,Rejete
DOS_0245,2,,,,,,,,,,,,,,96,,,,,,,,,,,,,,,,,,31,61,39,41,45,46,50,55,61,62,61,70,20,73,61,82,84,61,91,61,93,61,35,105,107,110,113,61,120,125,174.1341,178.5971,Bon
DOS_0246,2,,,,,,,,,,,,,,98,,,,,,,,,,,,,,,,,,33,35,55,42,54,46,50,41,58,64,68,45,22,61,18,61,86,88,90,94,61,102,104,61,107,110,115,118,120,124,89.7269,108.406,Risque
DOS_0247,2,,,,,,,,,,,,,,98,,,,,,,,,,,,,,,,,,29,37,7,42,54,61,54,55,59,62,68,45,20,72,77,81,85,89,91,92,61,101,61,105,107,110,112,117,120,125,183.7699,178.6845,Bon
DOS_0248,2,,,,,,,,,,,,,,96,,,,,,,,,,,,,,,,,,32,38,43,42,45,48,51,41,57,64,68,71,6,61,77,80,86,88,61,94,94,102,102,61,107,111,61,119,122,123,186.3755,178.8315,Bon
DOS_0249,2,,,,,,,,,,,,,,98,,,,,,,,,,,,,,,,,,31,61,42,41,54,61,52,6,58,62,68,52,21,72,18,80,86,89,90,61,94,100,35,61,61,111,114,117,120,61,177.1804,176.8076,Bon
DOS_0250,1,130,61,61,57,59,14,17,22,23,18,61,86,84,99,26,61,28,27,61,26,26,27,26,61,26,61,28,28,28,28,61,,,,,,,,,,,,,,,,,,,,,,61,102,105,61,61,61,118,61,125,0,0,Rejete
DOS_0251,2,,,,,,,,,,,,,,97,,,,,,,,,,,,,,,,,,29,38,7,61,53,49,61,55,57,63,61,71,20,73,18,82,83,89,90,92,93,102,61,106,107,110,61,116,120,125,199.4662,187.1151,Bon
DOS_0252,1,129,8,10,13,58,67,61,6,61,17,86,84,83,98,26,28,27,27,26,26,61,27,27,61,61,27,61,26,28,27,61,,,,,,,,,,,,,,,,,,,,,,61,35,105,61,61,114,118,121,125,0,0,Rejete
DOS_0253,1,128,8,61,57,59,68,18,19,24,78,84,86,83,99,61,27,28,26,61,61,28,61,26,28,61,27,27,61,61,28,28,,,,,,,,,,,,,,,,,,,,,,101,103,61,107,110,61,116,61,124,0,0,Rejete
DOS_0254,1,129,6,10,41,58,68,16,19,23,18,84,83,61,97,61,61,61,26,27,28,61,27,28,28,28,26,26,27,61,28,61,,,,,,,,,,,,,,,,,,,,,,101,102,61,107,109,61,118,61,125,0,0,Rejete
DOS_0255,1,126,9,11,40,60,67,61,6,24,78,83,83,83,96,27,27,26,26,28,28,61,28,28,61,28,28,61,26,28,28,61,,,,,,,,,,,,,,,,,,,,,,100,102,105,107,109,113,119,121,124,0,0,Rejete
DOS_0256,2,,,,,,,,,,,,,,99,,,,,,,,,,,,,,,,,,33,38,55,41,61,61,61,55,58,61,68,70,20,61,18,61,61,61,61,92,94,101,102,105,107,110,112,118,122,125,105.4072,122.3403,Risque
DOS_0257,2,,,,,,,,,,,,,,98,,,,,,,,,,,,,,,,,,31,37,39,57,54,61,61,56,60,61,61,52,6,74,79,82,83,89,90,94,94,100,102,61,107,110,115,118,120,124,197.1519,189.5127,Bon
DOS_0258,1,126,7,10,41,59,68,17,22,61,18,85,84,86,99,28,28,28,27,61,28,27,27,28,27,61,27,28,28,26,28,61,,,,,,,,,,,,,,,,,,,,,,101,104,105,61,111,112,119,122,61,0,0,Rejete
DOS_0259,1,129,61,11,61,59,67,17,22,23,17,85,84,61,95,27,61,26,61,61,26,26,61,26,28,26,28,61,28,26,26,61,,,,,,,,,,,,,,,,,,,,,,102,61,61,61,111,61,61,121,123,0,0,Rejete
DOS_0260,1,61,8,61,61,58,67,16,22,61,61,84,61,83,97,26,61,26,61,61,26,26,28,27,27,28,61,26,61,27,26,61,,,,,,,,,,,,,,,,,,,,,,61,103,105,61,110,112,116,61,124,0,0,Rejete
DOS_0261,2,,,,,,,,,,,,,,97,,,,,,,,,,,,,,,,,,61,61,39,42,53,48,52,55,59,63,61,71,19,76,77,61,84,61,61,94,93,61,104,105,61,109,112,118,122,123,193.4306,191.8409,Bon
DOS_0262,1,127,61,11,13,58,14,61,22,23,61,84,61,61,98,28,28,61,26,26,26,27,61,26,61,61,28,27,27,26,27,28,,,,,,,,,,,,,,,,,,,,,,100,103,61,107,61,115,61,121,124,0,0,Rejete
DOS_0263,2,,,,,,,,,,,,,,98,,,,,,,,,,,,,,,,,,29,35,43,41,44,46,61,55,61,64,61,61,6,73,17,61,84,88,61,92,93,61,104,105,61,111,115,118,61,124,181.3604,177.7163,Bon
DOS_0264,1,126,8,10,41,61,68,18,6,24,79,84,83,86,99,26,27,28,26,26,61,27,61,28,26,27,28,28,61,28,26,27,,,,,,,,,,,,,,,,,,,,,,61,61,61,61,111,61,61,122,61,0,0,Rejete
DOS_0265,2,,,,,,,,,,,,,,99,,,,,,,,,,,,,,,,,,33,36,43,43,54,48,53,61,57,63,67,52,20,76,61,80,83,87,91,92,61,100,61,61,107,111,113,119,61,123,111.9933,132.9712,Risque
DOS_0266,2,,,,,,,,,,,,,,96,,,,,,,,,,,,,,,,,,29,35,55,42,54,47,61,56,59,66,68,45,6,75,18,61,86,88,90,94,94,61,102,105,108,61,113,119,120,125,148.1239,126.3789,Moyen
DOS_0267,1,127,61,10,40,61,67,18,19,23,78,85,61,84,96,61,61,26,26,26,28,27,61,28,27,61,28,28,28,27,28,61,,,,,,,,,,,,,,,,,,,,,,61,61,105,107,110,112,118,121,124,0,0,Rejete
DOS_0268,1,129,61,11,41,58,68,61,19,23,61,86,83,85,61,26,26,28,61,61,26,61,27,27,27,61,27,61,26,28,26,28,,,,,,,,,,,,,,,,,,,,,,100,103,105,107,61,112,116,121,61,0,0,Rejete
DOS_0269,2,,,,,,,,,,,,,,97,,,,,,,,,,,,,,,,,,31,37,43,40,44,48,61,61,57,65,61,61,6,74,17,61,83,89,61,94,61,61,102,61,61,61,113,117,120,124,198.3579,193.8722,Bon
DOS_0270,1,130,9,61,41,59,67,18,22,23,78,84,86,83,96,28,26,61,27,28,28,28,27,27,27,27,26,27,26,26,27,28,,,,,,,,,,,,,,,,,,,,,,100,35,61,107,109,115,61,61,125,0,0,Rejete
DOS_0271,2,,,,,,,,,,,,,,98,,,,,,,,,,,,,,,,,,61,36,55,61,52,48,50,56,58,62,61,70,61,75,18,82,85,89,91,94,94,100,61,105,107,61,113,116,122,61,169.1959,169.4474,Bon
DOS_0272,1,128,61,10,57,61,67,16,61,61,17,61,61,61,96,26,61,61,28,28,27,28,28,27,28,27,61,28,26,27,61,28,,,,,,,,,,,,,,,,,,,,,,101,104,61,61,61,112,117,122,123,0,0,Rejete
DOS_0273,1,130,9,61,12,60,61,18,61,61,61,85,83,83,96,27,61,27,27,61,26,27,28,61,26,27,26,61,26,27,26,61,,,,,,,,,,,,,,,,,,,,,,101,102,105,107,110,114,118,122,61,0,0,Rejete
DOS_0274,2,,,,,,,,,,,,,,97,,,,,,,,,,,,,,,,,,31,36,42,61,54,47,61,56,59,63,68,71,61,75,77,81,61,87,90,92,94,100,104,105,107,61,113,61,122,61,190.5631,188.6444,Bon
DOS_0275,1,130,7,10,41,57,68,61,20,23,61,61,61,85,61,27,26,28,28,61,61,27,28,28,26,27,28,27,26,27,27,26,,,,,,,,,,,,,,,,,,,,,,61,104,61,61,110,61,118,61,125,0,0,Rejete
DOS_0276,2,,,,,,,,,,,,,,61,,,,,,,,,,,,,,,,,,30,35,42,57,52,47,52,61,61,67,68,71,21,72,17,80,84,87,91,92,94,61,102,61,107,111,114,116,122,125,210.4753,206.5376,Excellent
DOS_0277,2,,,,,,,,,,,,,,96,,,,,,,,,,,,,,,,,,29,37,55,42,44,61,52,41,58,63,68,52,61,75,77,81,84,87,91,92,61,100,35,61,107,110,112,61,61,124,169.5884,172.0313,Bon
DOS_0278,1,130,61,10,61,61,61,61,22,61,78,84,83,85,61,27,61,26,27,61,28,26,28,27,61,61,61,27,26,28,28,28,,,,,,,,,,,,,,,,,,,,,,102,102,105,107,111,114,116,122,61,0,0,Rejete
DOS_0279,1,128,6,11,12,59,67,17,21,24,78,83,61,61,96,26,26,61,26,28,28,26,61,27,28,27,27,61,27,28,27,28,,,,,,,,,,,,,,,,,,,,,,61,102,61,107,110,61,117,121,124,0,0,Rejete
DOS_0280,1,127,7,10,13,60,15,61,19,24,61,85,83,83,99,26,27,26,61,27,28,28,61,26,28,28,61,27,26,28,61,28,,,,,,,,,,,,,,,,,,,,,,100,61,105,61,109,115,117,61,61,0,0,Rejete
DOS_0281,1,130,9,61,13,57,67,61,22,23,78,85,85,84,96,27,27,61,27,26,27,61,28,27,26,61,28,61,28,28,27,61,,,,,,,,,,,,,,,,,,,,,,101,102,61,107,111,61,116,61,123,0,0,Rejete
DOS_0282,2,,,,,,,,,,,,,,61,,,,,,,,,,,,,,,,,,29,37,61,40,54,49,54,6,59,64,68,52,19,73,79,81,83,87,91,94,93,102,103,61,107,109,113,119,121,61,225.0907,216.015,Excellent
DOS_0283,2,,,,,,,,,,,,,,61,,,,,,,,,,,,,,,,,,29,37,55,42,52,48,54,56,58,63,67,70,61,61,17,61,86,88,90,94,94,102,61,105,61,110,112,118,120,123,191.9922,187.6642,Bon
DOS_0284,1,130,7,10,13,58,14,18,21,24,79,85,61,61,96,27,26,27,28,27,28,26,61,61,28,28,61,27,27,26,27,27,,,,,,,,,,,,,,,,,,,,,,61,61,105,107,111,61,119,120,123,0,0,Rejete
DOS_0285,2,,,,,,,,,,,,,,95,,,,,,,,,,,,,,,,,,30,36,42,57,52,46,50,41,60,64,68,70,6,74,79,81,84,61,61,94,61,61,102,105,61,109,113,118,61,125,207.4928,199.6343,Excellent
DOS_0286,2,,,,,,,,,,,,,,99,,,,,,,,,,,,,,,,,,31,36,55,41,53,48,61,6,61,67,68,61,20,72,79,82,85,87,61,94,61,101,61,105,107,111,112,118,120,125,187.4699,187.4819,Bon
DOS_0287,1,61,7,61,57,60,67,17,6,61,17,83,83,86,99,28,27,26,28,28,27,28,61,61,61,26,26,27,27,28,26,27,,,,,,,,,,,,,,,,,,,,,,61,61,61,107,110,112,119,61,125,0,0,Rejete
DOS_0288,1,130,7,11,41,59,67,18,20,61,18,84,83,84,99,27,28,27,27,28,26,61,27,28,27,28,61,27,27,28,27,28,,,,,,,,,,,,,,,,,,,,,,102,35,105,61,110,61,116,121,61,0,0,Rejete
DOS_0289,1,126,61,11,41,57,61,17,21,61,61,61,85,83,97,61,28,26,26,27,61,27,28,28,61,26,28,26,28,26,27,28,,,,,,,,,,,,,,,,,,,,,,61,103,61,107,111,114,61,120,125,0,0,Rejete
DOS_0290,1,127,9,10,12,60,61,18,20,24,61,85,83,84,95,28,61,26,27,27,28,27,61,27,27,28,26,26,28,27,28,27,,,,,,,,,,,,,,,,,,,,,,101,35,61,61,111,115,119,61,61,0,0,Rejete
DOS_0291,1,127,9,11,57,58,15,17,21,23,78,86,84,83,61,27,61,28,28,61,61,26,61,26,27,27,27,28,28,28,26,28,,,,,,,,,,,,,,,,,,,,,,101,103,105,61,61,115,119,122,124,0,0,Rejete
DOS_0292,2,,,,,,,,,,,,,,99,,,,,,,,,,,,,,,,,,30,38,39,57,45,48,53,55,58,64,68,61,19,75,18,80,84,89,90,61,93,102,102,61,61,111,115,116,61,61,236.7703,228.0316,Excellent
DOS_0293,2,,,,,,,,,,,,,,99,,,,,,,,,,,,,,,,,,32,35,7,42,52,46,54,6,59,65,61,45,20,72,77,81,86,61,90,94,93,102,102,61,107,111,61,61,122,123,197.7035,192.4443,Bon
DOS_0294,1,130,9,11,41,61,14,18,61,23,79,86,84,84,97,27,61,61,28,28,61,27,61,61,26,26,28,28,26,27,26,61,,,,,,,,,,,,,,,,,,,,,,102,35,61,107,109,112,61,61,123,0,0,Rejete
DOS_0295,1,61,6,10,40,60,68,17,61,23,77,84,85,61,97,28,28,26,61,27,26,61,28,28,61,28,26,27,27,26,28,61,,,,,,,,,,,,,,,,,,,,,,102,35,105,61,61,115,118,61,61,0,0,Rejete
DOS_0296,1,129,61,11,13,61,61,61,20,61,61,83,61,83,99,27,28,28,28,28,61,61,26,28,61,61,26,28,61,27,61,27,,,,,,,,,,,,,,,,,,,,,,61,102,106,61,110,114,119,122,125,0,0,Rejete
DOS_0297,1,126,8,10,57,58,61,16,6,24,77,61,61,86,95,61,28,61,27,27,61,28,26,61,27,26,61,61,61,61,27,61,,,,,,,,,,,,,,,,,,,,,,102,103,61,61,111,114,61,120,61,0,0,Rejete
DOS_0298,1,130,61,61,61,59,14,17,19,61,79,85,84,84,61,27,28,26,26,27,61,61,61,61,27,27,61,26,28,27,27,27,,,,,,,,,,,,,,,,,,,,,,61,35,105,61,61,113,119,122,124,0,0,Rejete
DOS_0299,1,61,61,11,12,59,67,18,21,24,61,86,86,83,61,26,27,28,61,28,27,27,27,28,26,28,26,61,61,27,28,61,,,,,,,,,,,,,,,,,,,,,,100,102,105,107,109,115,61,61,124,0,0,Rejete
DOS_0300,1,61,9,61,57,61,14,61,61,23,79,84,84,84,61,27,26,27,28,27,26,28,61,61,61,27,28,27,28,28,61,28,,,,,,,,,,,,,,,,,,,,,,101,103,105,61,111,115,118,121,61,0,0,Rejete
DOS_0301,2,,,,,,,,,,,,,,98,,,,,,,,,,,,,,,,,,32,36,42,42,44,46,52,41,58,65,67,61,20,61,17,80,85,87,91,61,94,102,103,105,61,111,115,116,120,123,182.7144,183.1351,Bon
DOS_0302,1,61,8,10,61,57,67,17,20,61,77,61,61,86,96,26,28,26,27,61,26,61,27,26,27,61,28,26,61,26,61,27,,,,,,,,,,,,,,,,,,,,,,61,103,61,107,109,113,117,122,123,0,0,Rejete
DOS_0303,2,,,,,,,,,,,,,,99,,,,,,,,,,,,,,,,,,32,35,7,42,54,48,53,41,60,61,68,71,19,73,78,82,86,88,90,92,93,102,61,61,107,109,61,119,61,125,196.1743,193.7933,Bon
DOS_0304,1,127,7,10,40,59,68,17,6,61,17,84,84,61,96,61,61,28,27,28,61,28,28,28,28,28,61,28,61,61,61,26,,,,,,,,,,,,,,,,,,,,,,102,61,61,61,111,113,119,120,125,0,0,Rejete
DOS_0305,1,61,6,11,57,59,14,17,6,61,61,86,85,83,97,28,61,61,26,61,61,27,61,61,26,26,26,28,28,28,61,27,,,,,,,,,,,,,,,,,,,,,,101,103,61,108,110,61,61,61,124,0,0,Rejete
DOS_0306,1,126,6,10,40,58,14,18,61,23,17,84,84,85,95,28,28,27,28,28,26,27,28,61,61,61,26,26,28,26,61,61,,,,,,,,,,,,,,,,,,,,,,102,61,61,61,109,114,119,122,124,0,0,Rejete
DOS_0307,2,,,,,,,,,,,,,,98,,,,,,,,,,,,,,,,,,33,38,7,43,52,46,61,55,57,62,61,71,21,75,78,82,61,89,91,61,94,100,61,105,61,110,112,117,61,123,70.5046,91.6954,Tres_Risque
DOS_0308,1,129,1,11,12,58,14,17,61,61,17,84,83,83,96,28,26,28,28,27,27,27,28,28,27,27,28,26,27,61,26,28,,,,,,,,,,,,,,,,,,,,,,101,104,61,107,110,113,118,61,124,0,0,Rejete
DOS_0309,1,61,7,11,12,58,67,18,20,23,18,84,84,83,61,26,61,26,26,61,61,61,27,28,28,28,26,61,28,27,26,28,,,,,,,,,,,,,,,,,,,,,,61,103,105,107,61,114,119,121,61,0,0,Rejete
DOS_0310,2,,,,,,,,,,,,,,96,,,,,,,,,,,,,,,,,,34,37,55,40,45,47,54,55,58,62,61,70,21,76,78,61,61,88,61,61,93,101,61,61,107,110,113,117,121,125,162.8423,170.4401,Bon
DOS_0311,1,129,9,61,41,59,67,17,6,24,79,85,84,83,99,61,61,61,61,27,26,28,28,27,28,28,26,61,61,27,27,27,,,,,,,,,,,,,,,,,,,,,,100,35,106,107,110,112,116,122,123,0,0,Rejete
DOS_0312,2,,,,,,,,,,,,,,99,,,,,,,,,,,,,,,,,,61,35,61,57,61,49,52,61,58,65,68,52,21,75,77,80,84,88,90,92,93,100,103,61,61,110,115,116,120,124,195.1643,196.9961,Bon
DOS_0313,1,129,8,61,13,58,14,61,21,23,77,83,85,61,61,61,26,27,26,27,61,26,61,28,27,28,28,61,61,26,27,61,,,,,,,,,,,,,,,,,,,,,,61,102,61,107,111,61,119,121,123,0,0,Rejete
DOS_0314,1,127,8,61,61,61,68,17,21,23,18,61,86,84,95,28,61,61,61,61,28,27,28,26,26,28,28,27,26,26,61,28,,,,,,,,,,,,,,,,,,,,,,102,61,105,61,110,113,61,121,123,0,0,Rejete
DOS_0315,2,,,,,,,,,,,,,,99,,,,,,,,,,,,,,,,,,30,38,39,61,53,49,54,41,57,61,61,52,20,75,17,82,61,89,61,92,61,101,104,61,61,111,112,116,61,124,196.0316,190.8823,Bon
DOS_0316,1,61,8,10,61,57,68,17,61,61,78,83,61,61,98,61,61,61,26,26,28,28,61,28,61,28,28,26,26,26,61,28,,,,,,,,,,,,,,,,,,,,,,102,104,61,61,111,61,116,121,124,0,0,Rejete
DOS_0317,1,128,6,61,13,61,67,18,6,23,18,86,86,83,95,26,61,61,26,27,27,26,28,26,28,61,26,61,28,28,28,27,,,,,,,,,,,,,,,,,,,,,,61,61,61,107,110,61,61,121,61,0,0,Rejete
DOS_0318,1,128,9,10,40,59,68,61,21,24,18,86,84,86,98,61,28,28,61,28,27,27,27,27,28,28,27,61,26,27,26,61,,,,,,,,,,,,,,,,,,,,,,102,102,105,107,109,114,61,120,125,0,0,Rejete
DOS_0319,2,,,,,,,,,,,,,,99,,,,,,,,,,,,,,,,,,31,36,61,41,54,48,53,41,59,67,67,70,19,75,17,81,84,88,90,94,61,61,35,105,107,110,113,119,121,123,199.6474,201.7979,Bon
DOS_0320,2,,,,,,,,,,,,,,61,,,,,,,,,,,,,,,,,,33,61,39,42,45,61,54,6,59,62,68,45,61,73,77,81,86,89,90,61,61,61,104,61,61,110,112,61,121,125,101.0502,118.3719,Risque
DOS_0321,2,,,,,,,,,,,,,,61,,,,,,,,,,,,,,,,,,30,38,7,43,44,49,54,6,60,67,68,52,19,61,77,82,83,61,91,61,93,61,61,105,108,109,61,118,121,61,197.9906,186.0235,Bon
DOS_0322,1,61,8,61,13,61,14,61,6,23,18,84,61,84,98,61,26,28,26,26,61,61,28,61,27,28,27,26,28,28,27,28,,,,,,,,,,,,,,,,,,,,,,61,103,61,107,109,113,117,120,123,0,0,Rejete
DOS_0323,1,129,9,61,61,60,67,16,61,24,18,83,85,86,96,28,26,27,27,61,27,27,27,27,28,27,61,27,27,61,26,61,,,,,,,,,,,,,,,,,,,,,,100,104,61,108,110,61,116,121,123,0,0,Rejete
DOS_0324,2,,,,,,,,,,,,,,95,,,,,,,,,,,,,,,,,,29,37,7,57,52,47,54,61,60,61,68,71,19,61,79,82,84,88,91,92,94,101,35,105,61,109,113,118,61,123,207.1005,201.7432,Excellent
DOS_0325,2,,,,,,,,,,,,,,95,,,,,,,,,,,,,,,,,,61,61,55,43,44,48,54,61,58,61,68,71,19,75,18,80,86,61,91,94,61,61,61,105,107,61,114,61,122,123,186.5529,188.3551,Bon
DOS_0326,1,130,61,61,40,61,67,18,61,24,61,83,86,84,99,27,61,27,26,26,61,27,27,28,26,27,28,27,61,27,28,28,,,,,,,,,,,,,,,,,,,,,,102,35,106,61,110,112,117,120,125,0,0,Rejete
DOS_0327,1,127,9,11,61,59,68,61,22,24,79,84,84,83,97,61,26,27,28,27,28,61,28,28,28,26,26,61,27,26,61,61,,,,,,,,,,,,,,,,,,,,,,102,103,105,61,109,112,119,61,123,0,0,Rejete
DOS_0328,2,,,,,,,,,,,,,,96,,,,,,,,,,,,,,,,,,29,35,39,57,53,47,50,55,61,65,67,52,61,74,18,81,84,89,91,92,94,101,102,105,107,109,114,118,120,61,205.1118,201.634,Excellent
DOS_0329,2,,,,,,,,,,,,,,98,,,,,,,,,,,,,,,,,,30,36,61,40,52,49,50,6,61,61,61,61,19,76,61,82,84,87,61,92,93,100,103,105,61,110,114,116,120,61,205.7953,204.0593,Excellent
DOS_0330,1,130,8,61,57,60,68,18,61,24,79,84,86,61,97,28,27,61,28,27,28,26,28,27,26,61,61,27,61,27,28,28,,,,,,,,,,,,,,,,,,,,,,100,35,61,61,111,115,119,121,124,0,0,Rejete
DOS_0331,1,61,6,11,41,60,14,18,22,61,78,84,86,83,96,61,26,27,27,28,27,61,28,27,61,26,27,61,27,28,27,61,,,,,,,,,,,,,,,,,,,,,,102,104,105,107,111,113,119,122,125,0,0,Rejete
DOS_0332,2,,,,,,,,,,,,,,95,,,,,,,,,,,,,,,,,,32,37,42,40,61,47,53,56,57,67,68,52,61,73,17,80,85,61,91,94,94,100,35,105,107,111,114,61,121,125,176.8872,181.0079,Bon
DOS_0333,2,,,,,,,,,,,,,,97,,,,,,,,,,,,,,,,,,30,36,42,57,54,61,53,41,58,62,68,71,22,73,18,61,84,61,90,94,93,61,104,105,107,111,61,61,122,125,214.3928,211.3746,Excellent
DOS_0334,1,128,8,10,61,59,15,18,20,24,77,86,85,84,98,28,28,61,61,28,26,28,61,61,26,28,26,27,26,26,28,28,,,,,,,,,,,,,,,,,,,,,,101,104,105,61,110,61,116,61,124,0,0,Rejete
DOS_0335,1,61,6,11,41,59,14,18,19,24,61,83,84,83,97,28,26,27,27,26,26,26,61,28,26,27,61,28,26,26,26,27,,,,,,,,,,,,,,,,,,,,,,61,102,61,107,109,61,116,120,123,0,0,Rejete
DOS_0336,2,,,,,,,,,,,,,,98,,,,,,,,,,,,,,,,,,30,35,61,57,44,49,61,41,57,64,67,71,21,61,61,61,83,87,90,92,61,101,35,105,107,109,113,61,122,124,184.2707,183.8477,Bon
DOS_0337,2,,,,,,,,,,,,,,61,,,,,,,,,,,,,,,,,,61,35,39,40,52,47,51,6,60,61,67,70,21,73,18,80,83,61,90,61,61,102,61,61,61,109,115,118,61,123,207.3852,203.3499,Excellent
DOS_0338,1,128,61,61,57,60,14,17,6,61,17,86,86,86,95,61,61,27,27,61,61,26,28,61,27,61,28,26,61,27,27,27,,,,,,,,,,,,,,,,,,,,,,102,104,61,61,110,112,118,121,61,0,0,Rejete
DOS_0339,1,1,9,10,57,58,61,16,22,24,17,83,85,86,97,61,27,61,61,26,28,27,28,61,26,27,28,28,28,27,28,28,,,,,,,,,,,,,,,,,,,,,,61,102,61,61,61,114,116,121,124,0,0,Rejete
DOS_0340,1,129,9,61,40,59,68,17,61,61,79,86,83,85,97,28,26,61,61,28,26,61,27,28,27,28,26,61,27,27,26,61,,,,,,,,,,,,,,,,,,,,,,102,102,61,107,110,115,61,61,61,0,0,Rejete
DOS_0341,1,128,6,11,13,61,14,18,20,24,78,84,85,83,99,28,61,27,61,61,27,61,27,28,61,28,27,61,28,27,27,27,,,,,,,,,,,,,,,,,,,,,,101,103,61,107,109,114,117,61,61,0,0,Rejete
DOS_0342,1,130,8,11,61,57,67,16,61,24,77,83,83,84,96,27,27,26,28,28,28,26,27,61,61,26,61,61,27,26,27,27,,,,,,,,,,,,,,,,,,,,,,61,61,61,61,109,113,119,120,123,0,0,Rejete
DOS_0343,2,,,,,,,,,,,,,,98,,,,,,,,,,,,,,,,,,30,36,55,61,61,61,50,55,57,63,61,71,19,76,77,80,83,87,90,61,93,101,102,105,107,61,115,61,120,124,206.3948,205.9979,Excellent
DOS_0344,1,126,9,61,40,58,68,17,20,61,77,86,83,85,95,61,27,27,26,26,61,26,27,27,28,27,28,28,61,26,27,28,,,,,,,,,,,,,,,,,,,,,,61,103,61,61,111,114,118,122,123,0,0,Rejete
DOS_0345,1,1,8,11,40,59,61,16,6,61,77,83,83,61,61,26,28,61,61,27,26,26,61,27,61,28,26,28,61,26,28,27,,,,,,,,,,,,,,,,,,,,,,61,102,61,107,110,61,116,61,123,0,0,Rejete
DOS_0346,1,127,7,11,40,57,61,17,19,61,61,86,83,83,95,61,27,26,26,26,28,28,27,28,26,28,27,27,61,26,26,28,,,,,,,,,,,,,,,,,,,,,,100,35,61,61,110,112,119,122,61,0,0,Rejete
DOS_0347,2,,,,,,,,,,,,,,97,,,,,,,,,,,,,,,,,,30,35,7,41,44,61,52,6,58,61,67,61,22,74,78,82,61,61,91,94,93,61,61,61,107,111,113,119,120,125,192.5711,192.7821,Bon
DOS_0348,2,,,,,,,,,,,,,,97,,,,,,,,,,,,,,,,,,32,61,61,40,44,48,54,41,58,64,68,45,6,76,18,80,84,88,61,61,93,102,61,105,107,109,114,61,122,61,194.0326,190.7542,Bon
DOS_0349,2,,,,,,,,,,,,,,95,,,,,,,,,,,,,,,,,,33,38,43,61,53,47,54,56,58,65,68,52,19,61,77,61,61,87,90,92,94,61,35,61,107,110,114,117,120,123,118.4433,137.3515,Risque
DOS_0350,1,61,9,11,57,60,61,61,6,61,78,85,85,83,95,26,61,28,61,26,61,26,27,61,28,26,26,27,26,61,61,27,,,,,,,,,,,,,,,,,,,,,,61,104,106,61,109,112,119,121,61,0,0,Rejete
DOS_0351,2,,,,,,,,,,,,,,97,,,,,,,,,,,,,,,,,,31,37,43,61,53,47,54,6,58,62,61,61,22,76,61,82,61,61,90,94,93,100,35,105,61,109,61,116,122,124,191.2312,190.656,Bon
DOS_0352,2,,,,,,,,,,,,,,99,,,,,,,,,,,,,,,,,,61,36,55,40,53,49,51,55,60,64,67,45,20,73,17,61,86,87,61,61,94,61,103,105,61,109,115,118,122,123,168.3068,164.2695,Bon
DOS_0353,1,61,7,10,41,60,68,61,19,61,17,61,85,86,96,61,26,26,27,27,27,28,61,61,26,28,26,26,26,28,26,27,,,,,,,,,,,,,,,,,,,,,,102,102,105,107,110,61,118,61,124,0,0,Rejete
DOS_0354,1,129,8,61,12,58,68,16,6,23,18,84,86,85,95,26,61,26,28,61,26,27,28,61,61,27,27,61,61,27,27,28,,,,,,,,,,,,,,,,,,,,,,61,102,61,107,61,61,117,120,125,0,0,Rejete
DOS_0355,1,130,7,61,57,59,14,61,21,24,79,61,61,61,61,26,61,28,26,28,28,28,61,27,28,28,27,27,28,28,27,61,,,,,,,,,,,,,,,,,,,,,,101,35,61,61,61,61,61,120,61,0,0,Rejete
DOS_0356,2,,,,,,,,,,,,,,97,,,,,,,,,,,,,,,,,,33,38,61,61,45,61,51,56,61,61,61,52,20,76,61,81,84,61,91,61,61,101,104,105,107,111,115,118,122,61,113.8784,130.0062,Risque
DOS_0357,1,128,6,61,12,58,14,18,6,61,78,86,61,83,95,28,26,27,27,26,28,26,27,28,26,28,27,26,61,27,26,61,,,,,,,,,,,,,,,,,,,,,,100,35,61,61,110,112,119,122,61,0,0,Rejete
DOS_0358,1,130,9,11,40,61,68,17,19,61,79,84,61,61,99,28,61,26,26,27,61,27,61,27,27,27,28,26,26,27,28,61,,,,,,,,,,,,,,,,,,,,,,101,103,61,61,111,113,119,61,124,0,0,Rejete
DOS_0359,2,,,,,,,,,,,,,,97,,,,,,,,,,,,,,,,,,30,35,55,42,61,49,53,41,60,65,67,71,6,76,78,81,83,61,90,94,94,61,61,106,61,61,114,117,121,124,173.8978,165.8827,Bon
DOS_0360,1,128,6,61,12,58,14,61,21,24,18,83,86,85,61,28,28,61,27,27,27,27,28,28,26,27,26,27,26,26,28,28,,,,,,,,,,,,,,,,,,,,,,100,61,105,107,61,115,119,121,124,0,0,Rejete
DOS_0361,1,129,8,10,12,61,61,17,22,23,17,83,83,85,95,28,27,27,27,27,26,28,28,26,26,61,27,27,26,61,27,27,,,,,,,,,,,,,,,,,,,,,,102,103,105,107,109,61,116,120,123,0,0,Rejete
DOS_0362,2,,,,,,,,,,,,,,99,,,,,,,,,,,,,,,,,,33,37,42,40,53,47,61,55,61,66,68,71,6,76,61,61,61,61,91,61,61,101,103,105,107,61,61,118,61,124,78.3461,87.2763,Tres_Risque
DOS_0363,1,126,9,11,57,60,68,17,22,61,17,84,84,83,61,61,61,61,61,28,27,61,27,27,27,26,28,28,26,28,61,61,,,,,,,,,,,,,,,,,,,,,,61,102,105,107,61,114,119,120,61,0,0,Rejete
DOS_0364,2,,,,,,,,,,,,,,95,,,,,,,,,,,,,,,,,,31,37,43,43,53,46,53,55,58,61,67,45,6,73,61,80,85,61,91,61,94,102,104,105,108,111,115,119,122,125,163.6619,151.9306,Bon
DOS_0365,2,,,,,,,,,,,,,,98,,,,,,,,,,,,,,,,,,32,38,42,43,44,61,61,61,60,62,68,70,22,73,18,82,84,61,61,92,94,100,103,61,61,109,112,117,61,124,170.889,169.4393,Bon
DOS_0366,2,,,,,,,,,,,,,,99,,,,,,,,,,,,,,,,,,30,35,55,40,44,48,61,6,60,61,68,61,61,74,78,82,84,89,61,92,94,100,103,105,61,111,114,61,121,123,177.5227,175.319,Bon
DOS_0367,1,128,6,10,13,57,68,61,22,23,18,61,85,85,97,61,26,28,26,61,61,61,28,26,28,28,26,28,27,61,61,28,,,,,,,,,,,,,,,,,,,,,,102,104,105,107,111,115,119,61,124,0,0,Rejete
DOS_0368,2,,,,,,,,,,,,,,97,,,,,,,,,,,,,,,,,,30,37,39,43,45,48,51,61,60,64,67,52,19,72,78,80,85,89,61,61,93,102,61,105,107,110,113,118,120,123,204.7524,199.1708,Excellent
DOS_0369,1,130,7,61,57,60,67,61,6,24,17,84,61,83,98,28,26,61,28,27,61,61,61,28,28,61,61,27,28,28,27,27,,,,,,,,,,,,,,,,,,,,,,101,103,61,61,109,61,118,122,124,0,0,Rejete
DOS_0370,2,,,,,,,,,,,,,,97,,,,,,,,,,,,,,,,,,29,61,55,40,44,49,51,41,59,61,61,61,61,76,77,61,84,61,90,94,93,100,104,105,61,110,112,118,120,123,194.2363,192.8051,Bon
DOS_0371,1,129,6,61,41,59,15,18,21,24,18,84,84,61,97,27,61,26,26,28,28,28,27,61,27,27,27,28,28,61,27,61,,,,,,,,,,,,,,,,,,,,,,61,103,61,107,61,113,116,122,125,0,0,Rejete
DOS_0372,2,,,,,,,,,,,,,,99,,,,,,,,,,,,,,,,,,61,61,43,41,54,49,50,56,60,65,68,61,20,75,77,80,85,61,91,92,93,102,35,105,61,111,113,61,121,123,215.1421,210.7158,Excellent
DOS_0373,1,1,9,61,13,61,68,16,6,61,79,61,85,84,98,61,26,28,27,61,26,26,61,28,27,28,28,61,27,61,27,28,,,,,,,,,,,,,,,,,,,,,,61,35,61,107,111,113,119,120,123,0,0,Rejete
DOS_0374,1,128,61,61,57,57,14,16,20,23,78,86,61,83,99,28,26,28,27,61,27,28,61,26,26,27,27,28,27,27,61,61,,,,,,,,,,,,,,,,,,,,,,100,103,105,107,111,61,61,122,125,0,0,Rejete
DOS_0375,1,129,6,10,13,58,68,61,61,24,79,84,83,83,99,28,26,28,28,61,26,28,27,27,26,26,27,61,61,28,26,27,,,,,,,,,,,,,,,,,,,,,,61,103,61,107,61,114,118,122,124,0,0,Rejete
DOS_0376,2,,,,,,,,,,,,,,95,,,,,,,,,,,,,,,,,,30,37,43,42,52,46,50,55,59,65,68,70,61,74,78,80,84,87,90,61,93,102,103,105,61,109,114,118,120,125,214.442,213.1966,Excellent
DOS_0377,2,,,,,,,,,,,,,,99,,,,,,,,,,,,,,,,,,31,35,39,43,45,61,50,41,59,61,68,45,21,75,18,82,83,87,61,92,93,100,104,105,61,111,112,117,120,61,187.2343,190.3237,Bon
DOS_0378,2,,,,,,,,,,,,,,97,,,,,,,,,,,,,,,,,,29,37,39,43,54,47,50,56,61,61,67,61,20,75,18,81,84,87,91,92,61,101,103,105,107,111,115,61,61,124,202.6616,201.231,Excellent
DOS_0379,1,130,61,11,41,57,15,17,22,61,17,61,83,84,97,27,26,26,61,27,27,28,61,26,27,26,26,61,26,28,27,27,,,,,,,,,,,,,,,,,,,,,,101,61,61,61,111,61,117,120,123,0,0,Rejete
DOS_0380,2,,,,,,,,,,,,,,97,,,,,,,,,,,,,,,,,,31,37,42,42,61,61,61,56,58,63,68,45,22,75,17,80,85,88,91,92,94,61,103,61,107,109,115,61,122,124,172.748,170.2265,Bon
DOS_0381,1,129,61,10,13,59,61,61,21,23,78,84,86,86,99,28,28,28,26,28,28,61,26,27,28,28,27,27,61,26,27,28,,,,,,,,,,,,,,,,,,,,,,61,104,61,61,110,113,116,120,124,0,0,Rejete
DOS_0382,2,,,,,,,,,,,,,,99,,,,,,,,,,,,,,,,,,32,61,7,57,53,47,51,55,59,65,68,45,22,75,79,81,85,89,91,92,93,102,102,61,61,110,114,116,122,61,211.2794,205.8934,Excellent
DOS_0383,2,,,,,,,,,,,,,,95,,,,,,,,,,,,,,,,,,34,35,43,40,45,49,50,41,61,62,67,70,19,72,77,61,61,61,90,92,61,61,102,105,61,109,112,118,122,124,175.426,179.151,Bon
DOS_0384,1,130,8,10,12,58,68,17,22,24,18,83,86,85,96,27,26,26,26,28,27,27,27,26,27,27,27,27,27,28,61,28,,,,,,,,,,,,,,,,,,,,,,102,61,105,61,109,61,118,121,61,0,0,Rejete
DOS_0385,1,126,8,11,61,58,67,16,6,23,61,84,83,84,95,27,27,28,28,61,27,27,28,27,61,28,28,28,27,26,27,28,,,,,,,,,,,,,,,,,,,,,,102,102,105,107,61,112,117,122,123,0,0,Rejete
DOS_0386,2,,,,,,,,,,,,,,97,,,,,,,,,,,,,,,,,,29,61,55,61,45,46,51,61,60,62,67,45,6,76,79,81,83,89,61,61,94,100,61,105,107,109,61,61,120,125,184.1087,183.9654,Bon
DOS_0387,1,126,8,10,40,58,14,18,22,23,61,83,83,83,61,27,26,26,27,61,26,61,61,28,26,26,27,28,28,61,26,61,,,,,,,,,,,,,,,,,,,,,,100,61,105,107,111,112,116,61,123,0,0,Rejete
DOS_0388,2,,,,,,,,,,,,,,97,,,,,,,,,,,,,,,,,,31,36,55,43,45,61,61,61,60,67,68,45,6,75,78,80,83,89,90,94,93,61,104,105,61,109,61,116,122,125,195.7644,197.2577,Bon
DOS_0389,2,,,,,,,,,,,,,,98,,,,,,,,,,,,,,,,,,30,38,42,43,44,47,53,41,58,62,68,45,6,61,18,80,84,61,61,61,93,102,61,61,61,61,115,117,61,125,199.0944,194.8577,Bon
DOS_0390,2,,,,,,,,,,,,,,99,,,,,,,,,,,,,,,,,,33,36,39,57,44,48,50,55,61,61,68,71,20,76,17,81,86,89,90,92,61,61,104,105,61,61,61,116,120,124,113.1524,132.8253,Risque
DOS_0391,2,,,,,,,,,,,,,,61,,,,,,,,,,,,,,,,,,30,61,43,61,61,48,53,56,58,63,68,45,22,72,78,61,85,89,90,92,61,101,35,105,61,111,113,118,61,124,187.5813,183.7663,Bon
DOS_0392,1,127,7,61,57,59,67,18,21,23,79,86,61,83,61,26,28,27,27,27,27,28,61,28,28,26,61,27,27,26,26,61,,,,,,,,,,,,,,,,,,,,,,61,102,61,107,110,114,117,121,123,0,0,Rejete
DOS_0393,1,126,61,10,40,60,61,61,19,61,18,83,86,61,99,27,27,26,26,26,28,61,27,26,27,61,28,61,61,28,28,61,,,,,,,,,,,,,,,,,,,,,,100,103,61,107,109,114,119,122,123,0,0,Rejete
DOS_0394,1,129,61,61,40,61,67,16,19,61,61,84,84,86,99,27,61,27,27,27,27,27,28,28,28,28,61,26,26,28,26,61,,,,,,,,,,,,,,,,,,,,,,61,104,105,107,111,61,118,122,125,0,0,Rejete
DOS_0395,1,129,7,11,61,58,67,16,19,61,17,83,61,84,95,26,26,61,27,61,26,28,27,26,27,27,28,28,28,26,61,27,,,,,,,,,,,,,,,,,,,,,,100,104,61,107,61,112,117,121,61,0,0,Rejete
DOS_0396,1,61,6,61,61,58,14,17,6,23,79,84,86,61,99,27,27,28,26,26,26,28,61,26,26,28,26,28,28,27,26,28,,,,,,,,,,,,,,,,,,,,,,101,61,61,107,61,114,118,120,61,0,0,Rejete
DOS_0397,2,,,,,,,,,,,,,,97,,,,,,,,,,,,,,,,,,30,38,43,61,54,61,61,6,61,63,61,61,20,73,77,82,85,88,90,92,93,61,104,61,61,109,112,61,120,124,206.7829,199.7095,Excellent
DOS_0398,2,,,,,,,,,,,,,,97,,,,,,,,,,,,,,,,,,32,38,43,43,44,49,54,55,60,62,68,61,61,73,79,82,84,88,61,61,93,61,103,61,107,110,61,118,120,125,197.5929,195.7555,Bon
DOS_0399,2,,,,,,,,,,,,,,97,,,,,,,,,,,,,,,,,,29,36,61,43,54,49,52,55,61,65,68,70,22,61,18,80,86,87,61,61,61,101,102,105,61,110,61,119,121,124,202.118,197.2741,Excellent
DOS_0400,2,,,,,,,,,,,,,,95,,,,,,,,,,,,,,,,,,29,37,39,41,53,61,51,41,59,62,69,61,22,75,18,80,84,87,90,61,93,102,61,105,107,109,115,61,121,125,191.7112,176.8299,Bon
DOS_0401,2,,,,,,,,,,,,,,95,,,,,,,,,,,,,,,,,,29,61,61,41,44,48,61,61,57,64,61,52,19,61,77,82,86,61,91,61,93,100,104,105,107,110,114,116,122,61,186.5915,184.9752,Bon
DOS_0402,2,,,,,,,,,,,,,,97,,,,,,,,,,,,,,,,,,30,38,42,61,45,61,51,56,57,67,61,61,19,74,18,82,84,88,91,92,94,100,61,61,61,61,112,117,120,124,189.4518,188.7128,Bon
DOS_0403,2,,,,,,,,,,,,,,98,,,,,,,,,,,,,,,,,,31,38,55,42,54,46,53,55,57,64,61,70,20,75,78,61,84,61,90,61,94,101,103,105,108,111,112,117,122,125,141.7304,132.5456,Moyen
DOS_0404,1,130,8,11,41,60,67,17,22,24,79,61,84,84,97,26,61,27,26,27,28,61,61,28,61,61,27,61,27,27,26,27,,,,,,,,,,,,,,,,,,,,,,100,35,105,107,109,115,119,61,123,0,0,Rejete
DOS_0405,1,129,1,61,12,61,67,17,22,24,17,83,86,61,98,27,27,27,28,28,27,26,61,28,26,28,61,26,28,61,27,61,,,,,,,,,,,,,,,,,,,,,,100,102,61,107,61,112,118,120,123,0,0,Rejete
DOS_0406,2,,,,,,,,,,,,,,98,,,,,,,,,,,,,,,,,,29,61,39,41,54,49,53,61,61,67,67,45,21,72,79,61,61,89,61,92,61,100,61,61,61,110,61,118,122,125,183.4492,182.3755,Bon
DOS_0407,1,61,9,11,61,60,61,16,20,61,61,85,86,83,95,61,61,27,61,61,27,27,61,27,61,26,28,26,61,27,27,61,,,,,,,,,,,,,,,,,,,,,,61,35,105,61,110,61,119,61,61,0,0,Rejete
DOS_0408,1,1,6,11,61,61,14,61,21,24,77,86,84,84,97,27,27,28,61,27,27,26,27,28,26,28,27,28,61,27,28,61,,,,,,,,,,,,,,,,,,,,,,102,102,105,107,110,115,61,121,125,0,0,Rejete
DOS_0409,1,127,8,11,13,58,67,61,61,24,79,83,61,85,61,27,26,27,28,26,26,26,61,61,27,26,27,28,27,28,26,28,,,,,,,,,,,,,,,,,,,,,,102,35,105,61,111,61,118,122,125,0,0,Rejete
DOS_0410,1,128,7,11,41,58,61,61,61,61,18,83,83,61,98,26,28,26,26,28,27,61,61,26,61,26,27,61,26,28,28,61,,,,,,,,,,,,,,,,,,,,,,101,35,61,107,110,115,118,121,124,0,0,Rejete
DOS_0411,1,128,8,11,13,57,14,18,21,23,17,85,61,85,61,28,27,27,28,26,26,61,27,27,26,26,26,27,28,28,27,27,,,,,,,,,,,,,,,,,,,,,,61,102,61,61,61,61,118,122,125,0,0,Rejete
DOS_0412,1,61,7,11,41,57,61,18,6,61,17,61,61,61,96,61,27,61,27,61,61,61,28,61,27,26,27,28,27,28,28,27,,,,,,,,,,,,,,,,,,,,,,100,103,61,107,109,114,118,122,61,0,0,Rejete
DOS_0413,1,127,7,61,40,58,67,16,19,24,61,86,85,86,98,61,28,26,27,61,61,26,27,27,28,61,61,28,28,28,28,28,,,,,,,,,,,,,,,,,,,,,,101,35,105,107,109,61,117,120,124,0,0,Rejete
DOS_0414,1,126,61,10,13,61,67,61,61,24,17,86,84,61,61,27,27,27,27,61,27,26,28,26,28,27,27,27,27,28,28,27,,,,,,,,,,,,,,,,,,,,,,61,102,105,107,109,113,117,120,123,0,0,Rejete
DOS_0415,2,,,,,,,,,,,,,,96,,,,,,,,,,,,,,,,,,33,36,7,43,52,48,53,55,60,63,61,71,6,61,61,81,61,61,90,92,93,61,102,61,107,109,115,61,121,61,120.7326,136.9507,Moyen
DOS_0416,1,130,61,11,61,60,67,61,61,23,17,84,84,83,96,61,61,61,28,27,28,28,61,61,26,26,27,26,28,28,27,61,,,,,,,,,,,,,,,,,,,,,,100,103,61,107,111,112,61,61,125,0,0,Rejete
DOS_0417,1,130,6,10,41,61,68,16,61,61,61,84,86,85,96,27,26,61,61,26,27,61,27,27,61,26,27,27,26,27,27,61,,,,,,,,,,,,,,,,,,,,,,101,103,105,108,111,112,118,120,123,0,0,Rejete
DOS_0418,2,,,,,,,,,,,,,,97,,,,,,,,,,,,,,,,,,32,38,61,40,44,46,54,55,60,61,67,70,61,61,79,81,84,87,91,61,94,100,35,105,107,61,113,61,121,61,176.1463,177.9402,Bon
DOS_0419,1,1,9,61,57,58,68,17,21,23,79,85,86,84,98,28,28,61,26,26,27,28,61,61,26,26,27,61,26,27,28,28,,,,,,,,,,,,,,,,,,,,,,101,104,61,108,111,113,61,61,124,0,0,Rejete
DOS_0420,1,129,8,10,57,58,68,18,22,23,79,61,61,83,95,61,26,61,27,27,27,28,27,28,28,28,27,26,27,28,26,27,,,,,,,,,,,,,,,,,,,,,,102,35,106,61,61,112,117,122,123,0,0,Rejete
DOS_0421,1,129,61,61,12,59,61,16,20,23,77,86,86,83,96,26,26,26,26,27,26,61,27,61,61,28,26,61,27,61,26,61,,,,,,,,,,,,,,,,,,,,,,102,102,61,61,61,113,118,61,123,0,0,Rejete
DOS_0422,1,128,8,61,57,57,68,18,19,24,61,85,85,61,61,27,61,27,26,27,26,26,27,28,28,61,61,61,28,61,26,61,,,,,,,,,,,,,,,,,,,,,,100,104,105,61,110,112,116,121,61,0,0,Rejete
DOS_0423,1,61,8,61,12,59,67,16,6,23,17,85,86,86,61,28,26,26,26,26,61,61,27,28,26,26,28,27,26,28,26,61,,,,,,,,,,,,,,,,,,,,,,101,102,61,107,61,112,116,122,123,0,0,Rejete
DOS_0424,2,,,,,,,,,,,,,,99,,,,,,,,,,,,,,,,,,30,35,7,43,54,61,50,61,60,61,68,61,22,61,18,61,85,87,91,94,93,102,61,61,61,61,61,61,120,124,202.8578,199.1784,Excellent
DOS_0425,1,129,8,10,40,58,61,17,19,23,61,83,84,86,96,27,26,26,61,26,27,26,61,28,26,26,27,28,61,27,26,28,,,,,,,,,,,,,,,,,,,,,,102,102,61,107,111,115,117,61,61,0,0,Rejete
DOS_0426,2,,,,,,,,,,,,,,97,,,,,,,,,,,,,,,,,,33,61,61,43,52,61,50,55,59,63,61,52,6,75,79,61,84,87,90,94,94,61,104,105,61,111,112,61,120,61,100.2741,118.8962,Risque
DOS_0427,1,127,6,61,57,60,14,17,20,61,61,61,86,83,96,28,27,26,28,26,61,26,27,61,27,27,61,28,27,28,61,28,,,,,,,,,,,,,,,,,,,,,,102,61,105,61,61,115,119,121,123,0,0,Rejete
DOS_0428,2,,,,,,,,,,,,,,98,,,,,,,,,,,,,,,,,,61,38,39,41,61,46,54,6,60,66,67,45,22,72,17,80,84,89,61,92,61,102,61,105,61,111,115,117,61,125,174.4195,158.0837,Bon
DOS_0429,1,130,8,11,13,61,61,16,22,23,79,61,83,83,97,26,27,28,27,27,61,26,28,61,26,28,27,27,26,28,28,27,,,,,,,,,,,,,,,,,,,,,,61,61,105,107,61,115,116,121,123,0,0,Rejete
DOS_0430,1,61,1,11,41,58,14,61,21,23,79,86,83,61,96,26,26,61,61,27,26,28,28,61,26,27,28,27,61,61,28,61,,,,,,,,,,,,,,,,,,,,,,102,102,105,107,61,112,119,120,125,0,0,Rejete
DOS_0431,2,,,,,,,,,,,,,,99,,,,,,,,,,,,,,,,,,30,61,42,61,54,61,53,56,59,61,67,61,20,61,79,80,84,61,61,92,93,61,61,105,61,110,115,118,122,123,202.4254,199.0241,Excellent
DOS_0432,1,126,61,61,13,60,14,61,21,24,79,83,83,61,61,28,27,26,28,61,61,28,61,61,61,61,61,26,28,61,28,28,,,,,,,,,,,,,,,,,,,,,,61,103,61,107,109,115,116,121,124,0,0,Rejete
DOS_0433,1,129,9,61,57,59,68,17,21,24,78,85,85,83,98,28,28,27,26,26,61,27,27,27,27,28,27,61,61,61,61,27,,,,,,,,,,,,,,,,,,,,,,61,104,105,107,61,113,119,61,61,0,0,Rejete
DOS_0434,2,,,,,,,,,,,,,,97,,,,,,,,,,,,,,,,,,32,35,55,57,45,48,61,55,61,67,61,45,19,75,79,61,84,88,90,92,93,100,104,61,61,61,115,61,122,61,187.6618,191.3211,Bon
DOS_0435,1,129,8,61,12,57,61,61,21,23,78,86,61,85,61,27,28,27,26,27,28,28,28,26,26,61,28,28,28,28,61,27,,,,,,,,,,,,,,,,,,,,,,100,103,105,61,111,61,116,120,125,0,0,Rejete
DOS_0436,2,,,,,,,,,,,,,,99,,,,,,,,,,,,,,,,,,29,35,39,40,45,49,52,61,57,61,61,52,22,73,18,61,86,89,61,92,61,61,61,61,107,110,113,116,120,123,180.1566,177.679,Bon
DOS_0437,2,,,,,,,,,,,,,,97,,,,,,,,,,,,,,,,,,31,37,61,61,45,46,53,61,61,62,67,45,61,61,61,80,86,89,61,92,93,101,104,105,107,109,115,119,61,125,183.82,183.4919,Bon
DOS_0438,1,128,6,10,13,59,67,17,19,61,61,84,61,86,96,61,27,26,28,28,61,27,27,28,61,27,28,61,27,26,26,61,,,,,,,,,,,,,,,,,,,,,,101,61,61,107,111,61,116,121,61,0,0,Rejete
DOS_0439,1,61,9,10,40,60,67,16,61,61,79,61,84,84,97,27,26,26,26,26,27,27,27,26,26,61,61,61,61,26,26,61,,,,,,,,,,,,,,,,,,,,,,101,61,105,107,61,115,117,61,124,0,0,Rejete
DOS_0440,2,,,,,,,,,,,,,,97,,,,,,,,,,,,,,,,,,33,38,61,42,44,46,54,55,59,63,61,52,61,72,79,61,61,88,90,94,61,102,103,105,107,109,114,119,122,61,98.2994,114.8077,Risque
DOS_0441,2,,,,,,,,,,,,,,99,,,,,,,,,,,,,,,,,,29,35,39,61,44,49,53,41,59,61,68,71,22,74,18,80,85,87,61,92,93,100,104,61,107,109,115,118,121,125,194.3188,194.2874,Bon
DOS_0442,1,130,61,11,13,61,68,61,21,61,17,61,86,83,96,26,61,61,26,28,26,28,28,27,28,61,26,61,61,26,27,27,,,,,,,,,,,,,,,,,,,,,,61,35,61,107,61,113,119,120,61,0,0,Rejete
DOS_0443,1,128,61,61,13,57,14,18,20,23,78,83,86,86,98,26,27,61,28,61,27,26,61,27,28,26,61,27,61,28,27,61,,,,,,,,,,,,,,,,,,,,,,101,102,105,107,111,61,118,122,125,0,0,Rejete
DOS_0444,2,,,,,,,,,,,,,,61,,,,,,,,,,,,,,,,,,33,35,42,57,61,48,61,56,57,67,61,52,19,76,17,82,61,87,61,92,93,102,103,61,61,110,115,116,120,61,132.3195,151.7908,Moyen
DOS_0445,2,,,,,,,,,,,,,,95,,,,,,,,,,,,,,,,,,29,38,39,40,45,48,53,41,61,61,61,52,20,61,77,81,86,87,91,61,94,101,61,61,108,61,112,117,122,123,163.9473,149.052,Bon
DOS_0446,1,130,7,10,57,61,67,16,21,23,78,86,83,61,99,26,61,26,61,28,26,26,28,26,28,28,28,27,27,61,61,61,,,,,,,,,,,,,,,,,,,,,,102,35,61,107,109,114,117,120,124,0,0,Rejete
DOS_0447,1,128,9,11,12,57,67,18,20,61,18,84,85,61,98,27,26,61,28,27,28,61,27,28,27,61,26,61,28,61,26,28,,,,,,,,,,,,,,,,,,,,,,100,102,105,107,109,114,116,122,124,0,0,Rejete
DOS_0448,1,61,9,61,13,59,14,18,22,23,79,86,86,85,61,61,28,28,26,28,61,27,27,26,26,28,28,26,26,61,28,61,,,,,,,,,,,,,,,,,,,,,,101,61,61,61,109,114,116,61,61,0,0,Rejete
DOS_0449,2,,,,,,,,,,,,,,97,,,,,,,,,,,,,,,,,,30,35,55,57,53,61,53,55,59,62,67,71,61,76,77,82,84,87,90,61,94,100,103,61,107,110,114,116,121,124,191.407,193.4716,Bon
DOS_0450,2,,,,,,,,,,,,,,98,,,,,,,,,,,,,,,,,,31,35,55,40,53,46,50,56,58,61,61,70,22,61,79,80,83,61,90,94,94,100,104,105,61,111,115,118,121,124,169.6016,171.3876,Bon
DOS_0451,2,,,,,,,,,,,,,,61,,,,,,,,,,,,,,,,,,61,61,61,41,61,46,51,55,60,65,68,70,20,72,17,80,85,87,90,61,93,100,35,105,107,61,61,61,122,123,177.6915,180.9132,Bon
DOS_0452,1,127,9,11,40,59,61,61,6,61,18,61,83,83,95,28,26,27,61,28,27,27,61,28,28,28,27,26,26,61,61,27,,,,,,,,,,,,,,,,,,,,,,102,61,61,107,109,61,119,122,61,0,0,Rejete
DOS_0453,1,1,7,10,12,59,14,17,20,61,18,85,85,83,98,26,26,61,26,28,27,26,61,61,28,27,26,27,26,26,61,27,,,,,,,,,,,,,,,,,,,,,,101,102,61,107,110,113,117,61,123,0,0,Rejete
DOS_0454,2,,,,,,,,,,,,,,61,,,,,,,,,,,,,,,,,,29,37,61,41,53,48,54,61,61,64,67,71,61,73,18,61,61,88,90,94,93,61,104,105,61,110,114,118,61,61,211.7563,207.7755,Excellent
DOS_0455,2,,,,,,,,,,,,,,98,,,,,,,,,,,,,,,,,,34,35,55,41,45,47,61,61,58,65,61,61,22,61,18,80,83,61,90,61,61,100,103,105,107,111,115,116,122,125,148.7244,159.1224,Moyen
DOS_0456,1,128,6,61,12,60,61,16,6,61,79,61,84,61,96,28,28,28,26,26,27,27,28,27,26,26,27,27,28,27,27,27,,,,,,,,,,,,,,,,,,,,,,101,35,105,61,110,61,119,122,124,182.2279,182.2279,Bon
DOS_0457,1,128,9,61,40,57,68,17,61,61,61,83,85,84,97,61,61,28,27,26,27,28,27,27,26,61,28,26,61,28,61,61,,,,,,,,,,,,,,,,,,,,,,101,61,61,107,109,112,117,120,124,0,0,Rejete
DOS_0458,2,,,,,,,,,,,,,,98,,,,,,,,,,,,,,,,,,61,61,39,42,53,49,52,6,61,67,61,45,22,74,78,81,84,87,90,94,93,100,61,105,107,109,61,61,121,125,188.3618,188.4038,Bon
DOS_0459,1,130,8,10,12,61,61,17,22,24,18,83,61,61,61,26,28,28,28,28,26,61,28,27,28,27,27,61,28,26,28,28,,,,,,,,,,,,,,,,,,,,,,61,35,61,61,61,115,117,122,125,0,0,Rejete
DOS_0460,1,127,6,10,57,59,14,16,21,61,17,61,61,83,98,27,28,26,61,28,27,27,27,27,28,61,27,28,26,28,27,28,,,,,,,,,,,,,,,,,,,,,,102,103,61,61,109,61,119,122,124,0,0,Rejete
DOS_0461,2,,,,,,,,,,,,,,99,,,,,,,,,,,,,,,,,,29,36,55,57,61,48,61,61,57,64,61,70,22,74,78,82,85,88,91,94,94,61,102,61,61,61,114,117,61,125,178.9692,171.586,Bon
DOS_0462,2,,,,,,,,,,,,,,96,,,,,,,,,,,,,,,,,,33,38,55,42,45,48,51,55,59,63,68,61,20,74,77,61,84,87,90,92,93,101,104,105,61,61,114,119,61,125,118.754,138.7312,Risque
DOS_0463,1,126,6,10,41,61,67,16,21,24,77,86,84,86,98,26,26,26,61,28,27,27,27,28,61,26,28,28,27,27,28,61,,,,,,,,,,,,,,,,,,,,,,100,104,105,107,110,115,61,120,123,0,0,Rejete
DOS_0464,1,129,61,11,41,57,67,17,61,61,78,86,86,84,98,28,61,27,27,61,26,26,27,26,28,27,61,26,26,28,28,61,,,,,,,,,,,,,,,,,,,,,,102,102,105,107,111,113,119,122,61,0,0,Rejete
DOS_0465,2,,,,,,,,,,,,,,96,,,,,,,,,,,,,,,,,,30,38,61,40,61,47,50,56,60,62,61,45,20,75,79,61,84,87,90,94,61,101,104,105,107,109,113,116,122,125,216.0235,209.2266,Excellent
DOS_0466,1,61,1,61,61,59,68,61,20,23,17,84,61,61,61,28,61,27,28,27,27,27,27,28,26,61,61,26,26,61,26,28,,,,,,,,,,,,,,,,,,,,,,61,103,61,61,110,113,61,120,123,0,0,Rejete
DOS_0467,2,,,,,,,,,,,,,,96,,,,,,,,,,,,,,,,,,29,61,39,40,53,46,50,55,58,65,61,52,61,72,78,82,86,61,90,94,93,61,35,61,107,61,61,118,61,125,175.1484,176.4774,Bon
DOS_0468,1,127,8,10,40,61,68,16,20,61,77,61,85,84,95,27,61,27,26,26,26,28,28,28,26,27,26,61,28,27,28,61,,,,,,,,,,,,,,,,,,,,,,100,35,105,107,61,115,117,121,123,0,0,Rejete
DOS_0469,2,,,,,,,,,,,,,,61,,,,,,,,,,,,,,,,,,61,35,39,42,45,49,61,55,58,61,68,45,21,74,77,81,83,61,61,94,61,102,102,61,61,109,112,118,120,123,190.0859,185.8067,Bon
DOS_0470,1,126,7,61,61,58,67,18,22,23,17,84,83,83,97,26,27,28,26,27,27,61,61,61,61,61,61,26,61,27,26,28,,,,,,,,,,,,,,,,,,,,,,61,61,61,61,109,113,119,122,123,0,0,Rejete
DOS_0471,2,,,,,,,,,,,,,,96,,,,,,,,,,,,,,,,,,33,36,39,42,61,49,61,55,61,61,61,61,61,61,77,80,86,89,91,92,93,61,104,61,61,110,61,116,120,125,103.7898,124.0109,Risque
DOS_0472,1,126,9,10,41,59,67,61,19,23,78,61,86,86,96,61,61,28,26,61,27,61,28,26,28,28,26,26,61,27,28,27,,,,,,,,,,,,,,,,,,,,,,61,102,61,61,61,114,118,122,125,0,0,Rejete
DOS_0473,1,61,9,61,12,60,68,16,19,61,77,85,83,84,95,27,61,28,27,26,28,28,61,28,61,28,28,61,61,27,28,28,,,,,,,,,,,,,,,,,,,,,,101,102,61,61,61,113,118,120,61,0,0,Rejete
DOS_0474,2,,,,,,,,,,,,,,99,,,,,,,,,,,,,,,,,,31,36,7,61,52,46,52,61,61,63,68,70,20,76,77,82,61,88,90,92,61,100,102,105,107,61,112,61,120,125,188.8064,187.7603,Bon
DOS_0475,1,61,61,61,13,58,68,18,19,24,18,85,84,85,61,61,27,27,26,27,26,26,61,61,28,61,26,27,27,26,26,61,,,,,,,,,,,,,,,,,,,,,,102,35,105,61,61,114,61,122,125,0,0,Rejete
DOS_0476,2,,,,,,,,,,,,,,98,,,,,,,,,,,,,,,,,,29,36,61,42,52,49,52,61,59,67,61,52,19,74,61,82,85,61,91,92,93,61,103,61,61,111,113,118,120,123,206.0951,204.3793,Excellent
DOS_0477,2,,,,,,,,,,,,,,61,,,,,,,,,,,,,,,,,,30,37,39,40,53,47,61,41,58,67,69,71,61,76,78,80,85,88,61,94,93,100,103,61,61,61,112,61,61,123,156.4428,147.3766,Moyen
DOS_0478,1,129,9,10,12,57,14,61,19,23,17,84,86,85,97,27,27,27,26,27,26,27,61,26,27,27,26,27,26,27,27,28,,,,,,,,,,,,,,,,,,,,,,102,103,61,107,111,115,118,120,124,0,0,Rejete
DOS_0479,1,126,6,11,41,60,14,18,20,61,18,83,83,84,95,27,27,26,27,28,27,26,28,61,26,26,26,61,27,27,27,28,,,,,,,,,,,,,,,,,,,,,,100,102,61,61,110,114,117,120,125,0,0,Rejete
DOS_0480,1,61,9,61,13,60,68,17,21,23,78,84,86,84,97,27,28,26,28,61,61,28,61,27,27,61,27,27,61,26,27,27,,,,,,,,,,,,,,,,,,,,,,61,35,61,61,111,61,119,121,123,0,0,Rejete
DOS_0481,1,130,61,10,40,60,67,17,22,24,61,85,83,61,97,28,26,61,26,27,27,27,28,28,27,27,61,27,27,26,28,27,,,,,,,,,,,,,,,,,,,,,,102,61,105,107,109,61,117,121,125,0,0,Rejete
DOS_0482,1,129,9,61,61,58,14,18,21,24,78,86,61,61,61,61,26,27,26,28,61,28,28,27,61,61,28,27,61,61,27,61,,,,,,,,,,,,,,,,,,,,,,61,103,105,107,109,61,61,121,123,0,0,Rejete
DOS_0483,2,,,,,,,,,,,,,,98,,,,,,,,,,,,,,,,,,31,36,42,42,53,48,51,41,58,62,67,45,61,74,79,81,83,87,91,94,93,102,61,106,61,110,61,118,121,123,179.824,169.6243,Bon
DOS_0484,1,61,8,11,40,60,61,16,19,24,61,83,84,84,98,26,26,28,27,27,26,26,27,26,27,26,28,28,26,28,27,61,,,,,,,,,,,,,,,,,,,,,,61,103,61,107,111,61,118,61,124,0,0,Rejete
DOS_0485,1,129,7,10,13,59,67,61,19,24,17,84,85,61,98,61,28,61,28,26,61,27,61,27,26,27,61,27,27,26,27,28,,,,,,,,,,,,,,,,,,,,,,100,61,105,61,61,61,119,121,61,0,0,Rejete
DOS_0486,2,,,,,,,,,,,,,,61,,,,,,,,,,,,,,,,,,30,61,7,43,45,46,52,6,60,65,68,61,61,76,18,81,83,87,90,94,93,100,35,61,61,110,112,61,61,61,205.7558,207.0822,Excellent
DOS_0487,2,,,,,,,,,,,,,,99,,,,,,,,,,,,,,,,,,29,35,55,41,45,47,54,56,60,62,61,52,6,61,18,81,84,87,90,94,93,101,61,105,108,111,115,61,61,61,180.0061,169.3378,Bon
DOS_0488,2,,,,,,,,,,,,,,96,,,,,,,,,,,,,,,,,,30,36,43,40,54,61,53,41,60,65,68,52,22,75,18,61,83,87,90,92,93,101,102,105,107,110,61,118,121,124,241.7602,235.0116,Excellent
DOS_0489,2,,,,,,,,,,,,,,99,,,,,,,,,,,,,,,,,,61,61,43,61,45,48,51,6,60,67,68,70,6,73,18,82,61,88,91,61,93,100,61,105,61,109,113,116,61,61,204.5761,202.8903,Excellent
DOS_0490,2,,,,,,,,,,,,,,96,,,,,,,,,,,,,,,,,,31,61,42,43,54,47,54,56,58,64,68,61,22,73,79,80,86,88,91,61,94,102,102,105,107,111,113,118,121,125,197.9112,190.2778,Bon
DOS_0491,2,,,,,,,,,,,,,,97,,,,,,,,,,,,,,,,,,61,35,42,61,52,47,54,61,59,63,68,61,6,75,78,80,86,89,61,61,61,100,102,105,61,109,61,61,61,125,178.7284,175.313,Bon
DOS_0492,2,,,,,,,,,,,,,,96,,,,,,,,,,,,,,,,,,31,38,7,57,54,47,54,61,60,61,61,45,22,74,79,82,83,88,61,61,94,102,35,61,61,109,114,118,61,123,199.5045,191.244,Bon
DOS_0493,1,126,8,11,57,59,14,16,21,61,18,61,61,84,95,28,27,61,28,26,28,61,27,26,27,61,28,26,26,26,27,28,,,,,,,,,,,,,,,,,,,,,,61,102,105,108,110,61,61,61,125,0,0,Rejete
DOS_0494,2,,,,,,,,,,,,,,95,,,,,,,,,,,,,,,,,,32,35,43,43,52,47,50,56,57,65,68,45,61,72,79,81,83,87,61,92,61,61,104,105,61,61,115,116,61,125,182.7818,184.9316,Bon
DOS_0495,1,128,9,10,13,60,14,17,20,24,18,85,85,61,97,28,61,27,27,27,26,26,27,28,61,26,28,61,28,61,61,28,,,,,,,,,,,,,,,,,,,,,,100,102,61,61,61,113,116,122,61,0,0,Rejete
DOS_0496,2,,,,,,,,,,,,,,99,,,,,,,,,,,,,,,,,,33,36,43,42,52,47,50,41,57,63,67,61,19,72,61,61,83,87,61,94,61,101,104,105,61,110,113,117,121,124,109.5382,129.7946,Risque
DOS_0497,1,128,61,61,40,59,14,18,20,61,77,83,61,85,96,26,61,26,26,28,26,26,61,26,28,61,61,28,28,61,27,61,,,,,,,,,,,,,,,,,,,,,,102,61,61,107,110,112,119,122,125,0,0,Rejete
DOS_0498,1,128,61,61,61,60,14,17,6,23,18,61,83,84,96,27,61,26,26,27,27,27,27,61,27,26,28,27,61,61,27,26,,,,,,,,,,,,,,,,,,,,,,102,35,61,61,111,115,61,120,123,0,0,Rejete
DOS_0499,1,128,6,61,41,58,67,17,21,24,61,86,86,83,98,61,27,61,26,28,27,27,27,28,61,61,28,28,26,26,26,61,,,,,,,,,,,,,,,,,,,,,,61,104,105,107,61,114,118,122,61,0,0,Rejete
DOS_0500,2,,,,,,,,,,,,,,61,,,,,,,,,,,,,,,,,,30,61,55,43,45,48,51,55,61,64,61,61,21,76,61,82,61,89,91,94,61,100,61,61,107,61,115,117,122,124,160.3632,159.6032,Bon
DOS_0501,1,127,6,61,13,61,68,61,61,61,78,61,61,85,99,28,27,61,61,27,61,26,61,27,26,27,28,61,26,26,27,28,,,,,,,,,,,,,,,,,,,,,,61,61,105,61,109,112,118,121,125,0,0,Rejete
DOS_0502,2,,,,,,,,,,,,,,61,,,,,,,,,,,,,,,,,,31,61,55,57,61,61,61,61,60,64,61,52,20,74,18,80,85,88,90,61,61,101,35,105,107,111,115,116,61,123,189.0112,185.5521,Bon
DOS_0503,1,130,8,61,40,58,67,16,6,23,61,83,85,85,61,27,61,27,61,26,28,61,28,27,61,26,27,28,61,27,27,61,,,,,,,,,,,,,,,,,,,,,,61,104,61,107,111,61,116,61,124,0,0,Rejete
DOS_0504,1,1,6,10,41,58,61,16,6,23,77,85,84,86,96,27,61,61,27,61,26,27,28,61,61,26,28,27,28,27,26,28,,,,,,,,,,,,,,,,,,,,,,102,102,61,61,111,112,119,61,124,0,0,Rejete
DOS_0505,1,61,7,10,13,58,14,17,19,23,17,83,85,84,97,61,27,26,28,28,28,61,61,27,28,27,26,61,26,61,61,61,,,,,,,,,,,,,,,,,,,,,,61,104,61,61,109,115,117,122,61,0,0,Rejete
DOS_0506,2,,,,,,,,,,,,,,97,,,,,,,,,,,,,,,,,,33,35,43,40,45,61,54,56,59,63,68,52,22,72,78,81,61,87,90,94,93,61,104,61,107,111,112,119,122,123,108.7095,125.7055,Risque
DOS_0507,2,,,,,,,,,,,,,,97,,,,,,,,,,,,,,,,,,33,35,43,42,45,61,53,6,58,63,61,45,6,72,79,82,86,87,90,61,93,102,61,105,61,109,113,61,121,61,109.0401,125.0161,Risque
DOS_0508,1,126,7,61,40,61,15,18,19,23,18,84,84,85,96,26,26,61,28,26,27,27,61,61,26,61,27,61,28,61,27,28,,,,,,,,,,,,,,,,,,,,,,101,35,61,107,61,112,61,121,124,0,0,Rejete
DOS_0509,1,128,8,11,57,58,14,61,22,61,78,86,83,84,98,27,26,27,26,26,28,27,28,27,26,28,27,61,26,26,28,61,,,,,,,,,,,,,,,,,,,,,,102,103,105,107,109,113,116,122,61,0,0,Rejete
DOS_0510,1,129,9,61,57,58,68,61,20,23,18,61,86,83,97,27,26,26,28,28,28,61,28,26,27,26,61,26,61,28,28,27,,,,,,,,,,,,,,,,,,,,,,100,102,105,107,110,61,116,122,61,0,0,Rejete
DOS_0511,2,,,,,,,,,,,,,,61,,,,,,,,,,,,,,,,,,30,37,7,40,45,48,51,55,58,62,61,45,6,74,77,61,61,87,90,61,61,61,35,105,61,61,113,119,121,61,179.903,177.804,Bon
DOS_0512,1,127,7,61,12,57,14,61,6,61,77,83,83,61,96,26,27,61,61,28,61,28,28,61,27,27,61,61,26,26,28,28,,,,,,,,,,,,,,,,,,,,,,102,61,105,61,109,112,117,61,125,0,0,Rejete
DOS_0513,1,129,61,10,13,57,61,61,6,61,61,84,85,84,96,61,28,61,26,27,26,27,61,61,28,28,61,27,27,26,27,27,,,,,,,,,,,,,,,,,,,,,,100,61,105,61,110,61,117,121,125,0,0,Rejete
DOS_0514,1,61,8,10,41,58,61,61,20,24,61,83,61,83,99,28,26,61,26,26,26,61,61,27,27,27,61,27,61,61,26,61,,,,,,,,,,,,,,,,,,,,,,102,35,105,107,61,113,61,61,123,0,0,Rejete
DOS_0515,2,,,,,,,,,,,,,,97,,,,,,,,,,,,,,,,,,33,35,43,42,53,48,53,41,57,67,67,71,19,72,79,82,61,89,61,94,61,100,35,61,107,109,112,61,122,124,86.0591,111.7634,Risque
DOS_0516,1,1,7,10,41,58,14,61,21,61,61,84,83,83,61,26,27,26,27,27,27,61,28,26,27,61,27,26,28,26,61,28,,,,,,,,,,,,,,,,,,,,,,101,104,61,108,111,115,119,61,124,0,0,Rejete
DOS_0517,2,,,,,,,,,,,,,,96,,,,,,,,,,,,,,,,,,31,36,42,41,45,47,52,6,59,63,67,71,19,61,17,82,85,61,90,92,61,100,35,105,107,111,61,116,120,61,198.3038,200.4911,Bon
DOS_0518,1,129,1,10,13,58,68,16,6,61,61,84,83,85,95,61,61,28,27,28,28,61,28,27,27,61,61,27,28,61,26,27,,,,,,,,,,,,,,,,,,,,,,101,61,105,107,61,114,116,121,123,0,0,Rejete
DOS_0519,1,1,8,61,41,59,68,61,21,23,61,86,83,61,98,61,28,61,27,27,28,26,61,61,61,61,28,28,61,61,26,61,,,,,,,,,,,,,,,,,,,,,,61,103,61,61,110,113,119,122,61,0,0,Rejete
DOS_0520,1,126,7,61,41,58,14,17,61,24,61,83,85,86,97,28,28,27,26,61,28,28,27,26,26,61,27,26,27,61,27,26,,,,,,,,,,,,,,,,,,,,,,61,104,61,107,61,112,117,121,125,0,0,Rejete
DOS_0521,1,61,9,61,13,61,67,17,21,23,18,85,85,84,98,27,27,26,26,61,26,28,61,61,26,27,61,27,26,61,26,27,,,,,,,,,,,,,,,,,,,,,,101,35,61,61,109,112,117,121,123,0,0,Rejete
DOS_0522,1,127,6,61,13,57,61,16,19,23,18,61,86,83,97,28,26,28,26,28,61,28,27,26,26,27,61,28,27,28,27,27,,,,,,,,,,,,,,,,,,,,,,100,35,105,107,61,61,119,61,61,0,0,Rejete
DOS_0523,1,130,6,61,61,58,61,61,19,24,18,84,61,61,95,61,26,27,61,28,27,26,28,26,26,27,28,26,28,28,61,61,,,,,,,,,,,,,,,,,,,,,,100,102,105,61,109,113,117,122,125,0,0,Rejete
DOS_0524,1,128,9,10,40,58,61,61,6,61,78,86,83,86,99,61,26,27,28,27,26,28,27,61,28,27,61,26,26,61,26,28,,,,,,,,,,,,,,,,,,,,,,101,102,105,107,111,114,119,122,125,0,0,Rejete
DOS_0525,1,61,9,10,41,61,14,16,6,23,17,86,61,83,97,26,27,26,28,26,61,61,61,61,28,61,27,27,28,27,28,27,,,,,,,,,,,,,,,,,,,,,,101,35,105,61,109,114,116,61,125,0,0,Rejete
DOS_0526,1,1,9,11,12,60,68,17,6,24,77,86,86,85,97,28,61,26,28,28,28,27,61,26,61,27,27,61,26,27,28,28,,,,,,,,,,,,,,,,,,,,,,102,103,61,107,109,61,116,61,124,0,0,Rejete
DOS_0527,2,,,,,,,,,,,,,,97,,,,,,,,,,,,,,,,,,31,37,42,42,53,47,50,56,57,64,61,71,6,61,17,80,86,89,91,92,94,100,102,106,61,61,113,116,120,124,153.0665,141.3783,Moyen
DOS_0528,2,,,,,,,,,,,,,,61,,,,,,,,,,,,,,,,,,33,37,61,42,61,47,53,55,58,64,61,70,19,75,78,82,86,61,61,92,93,101,61,61,61,61,113,116,121,61,105.7126,124.8365,Risque
DOS_0529,1,61,6,11,12,61,61,61,61,61,18,84,83,85,61,26,28,26,27,61,27,61,28,61,61,28,26,28,27,28,61,61,,,,,,,,,,,,,,,,,,,,,,101,104,61,61,111,61,117,121,124,0,0,Rejete
DOS_0530,1,129,9,11,41,57,68,61,22,23,78,83,84,84,99,26,26,61,28,61,61,26,27,61,27,26,28,27,28,26,28,61,,,,,,,,,,,,,,,,,,,,,,101,102,105,61,110,113,117,120,61,0,0,Rejete
DOS_0531,1,126,7,11,13,61,67,18,19,24,17,83,86,61,95,61,26,27,26,61,27,61,27,28,26,26,28,27,27,27,61,27,,,,,,,,,,,,,,,,,,,,,,100,103,105,107,61,115,116,61,123,0,0,Rejete
DOS_0532,1,130,7,11,40,60,14,18,21,23,17,84,61,84,98,27,61,27,26,27,26,61,61,26,28,61,26,27,61,61,61,28,,,,,,,,,,,,,,,,,,,,,,102,102,105,107,111,112,61,120,61,0,0,Rejete
DOS_0533,2,,,,,,,,,,,,,,96,,,,,,,,,,,,,,,,,,30,61,61,41,52,47,54,6,61,67,68,70,22,72,17,80,84,87,90,92,94,102,61,61,61,109,112,61,120,125,203.4654,199.898,Excellent
DOS_0534,2,,,,,,,,,,,,,,96,,,,,,,,,,,,,,,,,,33,61,55,43,45,47,51,56,58,63,68,70,19,72,79,82,83,88,91,61,61,101,103,105,107,110,114,118,122,124,97.0438,119.3948,Risque
DOS_0535,2,,,,,,,,,,,,,,99,,,,,,,,,,,,,,,,,,30,37,39,42,45,61,53,41,57,67,61,45,22,74,79,82,61,88,90,92,94,100,61,105,61,61,61,61,121,124,171.5287,172.3744,Bon
DOS_0536,1,128,9,10,57,58,14,17,6,23,79,83,84,83,97,61,27,61,28,61,28,27,61,61,28,61,26,27,26,61,26,27,,,,,,,,,,,,,,,,,,,,,,100,102,61,107,110,115,119,122,125,0,0,Rejete
DOS_0537,1,127,61,11,41,57,14,17,19,24,18,61,83,85,96,61,61,61,27,28,61,27,61,28,27,27,26,27,28,28,26,61,,,,,,,,,,,,,,,,,,,,,,101,104,105,107,111,113,116,120,123,0,0,Rejete
DOS_0538,2,,,,,,,,,,,,,,61,,,,,,,,,,,,,,,,,,34,38,55,42,53,49,54,41,58,67,68,61,61,74,78,80,61,89,61,61,94,101,103,61,61,111,61,118,121,124,157.2365,163.6083,Moyen
DOS_0539,1,127,8,10,61,60,14,17,61,24,18,84,84,85,96,27,28,61,27,28,61,27,27,28,27,26,26,27,27,27,28,61,,,,,,,,,,,,,,,,,,,,,,102,102,105,107,61,61,117,61,123,0,0,Rejete
DOS_0540,2,,,,,,,,,,,,,,97,,,,,,,,,,,,,,,,,,29,61,61,61,53,49,51,6,60,67,68,71,20,73,18,82,84,87,90,61,93,100,103,61,61,61,112,116,120,124,219.6144,218.6392,Excellent
DOS_0541,2,,,,,,,,,,,,,,98,,,,,,,,,,,,,,,,,,30,36,39,41,53,46,50,61,57,61,68,70,22,72,61,80,84,61,91,92,93,101,102,61,107,61,115,119,122,123,180.3629,177.7231,Bon
DOS_0542,1,127,7,11,12,57,15,18,21,61,18,83,86,85,99,27,61,27,61,61,61,28,28,26,61,27,28,28,27,26,28,27,,,,,,,,,,,,,,,,,,,,,,101,103,105,107,61,113,117,121,125,0,0,Rejete
DOS_0543,1,126,6,10,57,61,68,18,21,61,17,83,86,84,61,61,28,27,61,28,61,26,28,28,27,61,27,61,26,28,61,61,,,,,,,,,,,,,,,,,,,,,,61,61,105,107,61,114,118,120,125,0,0,Rejete
DOS_0544,1,126,7,61,41,59,61,16,61,24,17,84,86,61,98,61,26,28,61,61,26,28,61,28,28,27,61,26,61,61,26,28,,,,,,,,,,,,,,,,,,,,,,101,61,61,61,111,112,61,61,125,0,0,Rejete
DOS_0545,2,,,,,,,,,,,,,,61,,,,,,,,,,,,,,,,,,31,38,7,42,53,47,61,6,61,67,61,61,6,72,18,61,61,87,90,61,93,101,102,105,61,110,115,117,122,125,209.478,205.0471,Excellent
DOS_0546,1,130,9,10,41,57,61,16,6,61,17,86,84,83,98,26,27,27,27,61,61,61,61,28,26,26,61,61,28,27,28,27,,,,,,,,,,,,,,,,,,,,,,61,102,105,107,110,115,119,122,61,0,0,Rejete
DOS_0547,1,130,9,61,40,57,14,61,6,23,17,61,86,83,99,61,61,27,27,26,26,61,61,26,61,27,27,26,27,61,26,28,,,,,,,,,,,,,,,,,,,,,,61,102,61,61,109,112,118,122,61,0,0,Rejete
DOS_0548,2,,,,,,,,,,,,,,99,,,,,,,,,,,,,,,,,,30,36,42,57,53,46,54,6,59,65,61,52,19,61,17,82,83,89,91,61,93,102,61,61,107,111,61,116,61,61,227.7495,220.6966,Excellent
DOS_0549,2,,,,,,,,,,,,,,95,,,,,,,,,,,,,,,,,,31,61,42,40,44,48,52,61,58,61,61,45,22,61,79,61,83,61,61,94,61,101,104,61,107,109,115,61,122,124,187.5737,183.5838,Bon
DOS_0550,1,130,7,10,12,58,67,61,19,24,18,86,83,84,96,26,61,27,61,27,27,61,61,28,28,28,26,26,61,27,28,27,,,,,,,,,,,,,,,,,,,,,,102,61,105,107,110,114,116,61,123,0,0,Rejete
DOS_0551,2,,,,,,,,,,,,,,97,,,,,,,,,,,,,,,,,,31,35,55,42,54,46,53,61,60,67,61,52,19,73,79,61,86,88,61,94,93,100,61,105,61,109,112,117,122,125,172.751,176.1956,Bon
DOS_0552,2,,,,,,,,,,,,,,61,,,,,,,,,,,,,,,,,,61,36,61,41,52,61,61,6,58,61,67,71,6,72,79,81,85,88,90,92,94,100,35,106,107,109,113,119,122,61,144.3535,137.675,Moyen
DOS_0553,1,61,7,10,41,59,61,18,21,61,18,84,86,85,61,61,61,27,28,28,61,61,27,27,27,61,26,61,61,61,61,27,,,,,,,,,,,,,,,,,,,,,,101,102,61,61,61,114,116,120,123,0,0,Rejete
DOS_0554,1,130,8,10,61,58,68,16,19,24,78,61,86,84,95,27,27,27,28,61,61,61,28,27,28,61,26,28,26,27,28,27,,,,,,,,,,,,,,,,,,,,,,100,104,61,61,61,115,61,120,125,0,0,Rejete
DOS_0555,1,128,8,10,41,61,67,16,19,23,77,84,61,83,99,28,26,27,28,26,26,27,61,61,28,27,61,27,26,61,28,28,,,,,,,,,,,,,,,,,,,,,,101,61,105,107,111,115,119,121,124,0,0,Rejete
DOS_0556,1,61,8,11,57,58,61,18,22,24,79,86,84,61,95,27,26,26,61,28,27,26,28,61,26,61,28,61,27,28,26,28,,,,,,,,,,,,,,,,,,,,,,102,61,105,107,109,61,61,61,125,0,0,Rejete
DOS_0557,1,127,7,61,40,59,68,18,61,23,18,86,83,61,97,28,26,27,61,27,27,61,28,27,28,28,28,61,28,26,28,27,,,,,,,,,,,,,,,,,,,,,,61,61,105,108,61,112,117,120,123,0,0,Rejete
DOS_0558,1,129,8,11,57,60,14,17,19,24,61,85,83,85,97,28,26,26,28,26,28,28,27,26,28,61,28,28,61,28,27,27,,,,,,,,,,,,,,,,,,,,,,100,102,105,107,110,61,61,121,61,0,0,Rejete
DOS_0559,2,,,,,,,,,,,,,,97,,,,,,,,,,,,,,,,,,32,38,55,57,52,46,54,41,59,62,61,61,20,73,18,81,86,88,61,61,61,100,104,105,107,109,61,119,120,124,175.2298,174.0621,Bon
DOS_0560,2,,,,,,,,,,,,,,99,,,,,,,,,,,,,,,,,,32,37,61,61,61,46,61,6,60,64,67,52,61,73,77,81,84,61,91,94,94,100,103,61,61,61,113,116,120,123,175.855,173.6039,Bon
DOS_0561,1,130,7,61,40,61,67,61,19,23,61,83,85,61,96,26,28,27,61,27,27,26,61,61,26,28,61,27,27,26,28,28,,,,,,,,,,,,,,,,,,,,,,100,35,105,61,110,115,116,121,125,0,0,Rejete
DOS_0562,2,,,,,,,,,,,,,,96,,,,,,,,,,,,,,,,,,31,37,61,41,52,49,61,55,57,65,67,61,21,75,78,61,84,88,91,61,94,101,103,105,107,61,113,119,61,123,177.1172,177.7952,Bon
DOS_0563,2,,,,,,,,,,,,,,98,,,,,,,,,,,,,,,,,,32,35,61,43,52,46,51,56,60,67,67,71,22,73,78,82,61,87,61,61,93,61,61,106,107,109,112,117,61,125,153.9833,149.6185,Moyen
DOS_0564,1,127,61,10,40,57,68,18,22,24,79,61,84,86,96,61,26,27,61,28,61,28,28,28,27,26,28,28,28,28,28,27,,,,,,,,,,,,,,,,,,,,,,100,103,105,108,61,113,116,61,123,0,0,Rejete
DOS_0565,1,1,61,11,41,58,68,17,20,61,61,61,86,83,95,26,27,61,26,61,27,28,27,61,26,28,61,27,61,61,26,28,,,,,,,,,,,,,,,,,,,,,,102,61,61,61,111,112,119,121,61,0,0,Rejete
DOS_0566,2,,,,,,,,,,,,,,97,,,,,,,,,,,,,,,,,,33,37,55,57,52,47,61,55,58,67,68,61,19,74,17,82,84,88,61,94,61,100,102,105,107,110,114,116,122,61,115.6484,136.2059,Risque
DOS_0567,1,128,9,10,57,61,61,17,22,61,77,86,83,61,61,61,28,61,61,26,28,61,27,27,61,61,26,28,27,26,26,27,,,,,,,,,,,,,,,,,,,,,,102,102,61,107,61,115,118,120,124,0,0,Rejete
DOS_0568,1,129,8,10,61,58,68,61,21,23,17,61,84,85,95,27,27,27,28,27,26,27,27,26,26,28,26,26,61,27,27,27,,,,,,,,,,,,,,,,,,,,,,61,103,61,107,61,115,61,120,61,0,0,Rejete
DOS_0569,1,127,6,61,57,57,14,61,21,61,77,85,86,61,96,27,26,26,26,61,28,27,27,27,61,27,27,61,61,61,61,27,,,,,,,,,,,,,,,,,,,,,,101,61,61,61,110,112,119,61,124,0,0,Rejete
DOS_0570,1,61,6,11,41,60,14,17,6,24,17,83,86,85,95,28,26,61,61,28,27,61,27,28,26,61,27,26,26,27,61,61,,,,,,,,,,,,,,,,,,,,,,61,35,106,61,111,114,116,61,124,0,0,Rejete
DOS_0571,2,,,,,,,,,,,,,,97,,,,,,,,,,,,,,,,,,32,37,42,61,44,48,54,6,61,61,61,71,61,76,79,80,61,61,90,61,93,102,104,105,107,111,114,61,122,125,221.2704,216.5839,Excellent
DOS_0572,2,,,,,,,,,,,,,,61,,,,,,,,,,,,,,,,,,30,36,42,42,52,47,51,41,59,65,61,45,61,72,77,82,83,87,61,92,94,101,61,105,107,111,113,118,121,61,191.4041,187.4972,Bon
DOS_0573,2,,,,,,,,,,,,,,95,,,,,,,,,,,,,,,,,,30,36,39,43,54,48,53,56,59,65,61,52,20,73,78,80,85,87,91,61,61,101,103,61,61,61,114,61,120,61,192.1583,189.332,Bon
DOS_0574,2,,,,,,,,,,,,,,95,,,,,,,,,,,,,,,,,,61,37,43,61,52,49,52,6,57,65,68,52,61,76,17,61,86,87,90,61,94,102,102,61,61,109,113,117,120,124,222.9571,215.281,Excellent
DOS_0575,1,126,9,11,61,60,14,18,22,24,18,85,83,83,96,61,28,61,27,28,26,28,28,28,28,28,26,27,27,28,28,61,,,,,,,,,,,,,,,,,,,,,,61,61,61,61,110,115,119,61,61,0,0,Rejete
DOS_0576,2,,,,,,,,,,,,,,95,,,,,,,,,,,,,,,,,,31,35,39,40,45,61,53,61,61,64,69,71,20,72,79,82,61,61,90,92,61,61,35,61,107,111,113,117,120,125,149.6846,140.3085,Moyen
DOS_0577,1,127,61,11,61,59,61,17,6,24,79,84,61,85,61,61,28,26,28,28,26,61,28,61,28,26,28,61,27,28,26,61,,,,,,,,,,,,,,,,,,,,,,100,103,105,61,61,114,118,61,124,0,0,Rejete
DOS_0578,2,,,,,,,,,,,,,,97,,,,,,,,,,,,,,,,,,29,36,61,42,44,47,61,61,58,65,67,70,6,74,79,61,84,87,90,92,94,102,104,105,107,109,113,118,61,61,199.9522,197.3329,Bon
DOS_0579,1,130,7,61,41,60,14,16,61,61,78,84,84,84,99,28,61,28,27,61,61,61,61,27,26,61,27,26,61,61,27,27,,,,,,,,,,,,,,,,,,,,,,100,61,105,107,111,61,119,120,61,0,0,Rejete
DOS_0580,2,,,,,,,,,,,,,,96,,,,,,,,,,,,,,,,,,61,35,7,57,54,46,53,61,58,65,67,71,20,73,17,81,83,61,61,61,93,101,104,61,61,61,113,119,120,124,207.5309,208.7207,Excellent
DOS_0581,1,126,6,11,41,61,67,18,61,24,78,61,61,83,98,27,61,26,28,26,28,61,61,28,28,61,27,61,27,28,61,61,,,,,,,,,,,,,,,,,,,,,,61,35,61,61,61,114,117,61,61,0,0,Rejete
DOS_0582,1,126,6,10,40,60,14,17,61,23,79,61,86,83,98,61,26,61,61,26,26,26,27,27,61,27,27,61,27,27,28,61,,,,,,,,,,,,,,,,,,,,,,101,61,105,107,109,61,61,120,123,0,0,Rejete
DOS_0583,2,,,,,,,,,,,,,,61,,,,,,,,,,,,,,,,,,61,37,43,42,44,47,61,56,60,62,61,71,19,75,78,80,83,89,91,94,94,100,102,61,107,110,113,117,120,125,207.3771,202.3604,Excellent
DOS_0584,2,,,,,,,,,,,,,,61,,,,,,,,,,,,,,,,,,61,35,43,42,54,61,61,41,59,67,68,71,19,61,61,81,83,88,91,61,94,102,104,61,107,109,113,118,61,123,207.2315,204.2611,Excellent
DOS_0585,2,,,,,,,,,,,,,,96,,,,,,,,,,,,,,,,,,33,61,55,61,44,61,61,6,60,61,68,61,21,74,78,82,86,61,91,92,93,61,61,105,61,61,112,117,120,61,101.8106,121.1328,Risque
DOS_0586,2,,,,,,,,,,,,,,99,,,,,,,,,,,,,,,,,,32,61,61,40,44,48,54,6,58,64,61,52,61,72,17,82,85,88,90,92,93,102,102,105,107,109,61,118,121,125,200.2534,192.3938,Excellent
DOS_0587,2,,,,,,,,,,,,,,95,,,,,,,,,,,,,,,,,,29,61,7,61,61,48,54,41,57,61,67,45,21,61,61,82,85,87,91,92,94,61,102,105,61,111,112,119,61,123,194.3177,189.2412,Bon
DOS_0588,2,,,,,,,,,,,,,,95,,,,,,,,,,,,,,,,,,29,61,61,57,53,61,54,55,58,67,68,61,20,61,78,82,61,88,61,94,93,102,35,61,61,61,112,117,122,124,199.3478,197.7933,Bon
DOS_0589,2,,,,,,,,,,,,,,98,,,,,,,,,,,,,,,,,,61,37,61,57,54,61,53,41,58,64,67,45,20,74,61,81,83,88,90,92,61,100,61,61,61,61,114,117,121,125,192.2174,189.5818,Bon
DOS_0590,1,127,6,61,40,59,14,61,20,61,77,85,83,61,97,28,26,61,28,61,28,61,27,61,26,26,61,27,61,27,61,61,,,,,,,,,,,,,,,,,,,,,,61,102,105,61,111,112,118,120,124,0,0,Rejete
DOS_0591,2,,,,,,,,,,,,,,96,,,,,,,,,,,,,,,,,,61,38,43,61,52,48,54,41,60,67,61,70,19,73,61,82,85,89,61,94,93,101,102,61,61,111,112,117,61,61,226.1606,218.9603,Excellent
DOS_0592,1,130,1,10,40,59,68,18,20,24,18,61,61,86,99,27,26,28,26,28,28,27,61,61,61,26,27,26,28,26,26,61,,,,,,,,,,,,,,,,,,,,,,100,104,105,61,109,61,119,121,124,0,0,Rejete
DOS_0593,1,126,61,10,41,59,67,16,22,61,18,86,61,85,97,28,61,26,61,26,27,61,61,27,27,26,28,28,27,27,26,27,,,,,,,,,,,,,,,,,,,,,,100,35,61,107,61,112,61,122,125,0,0,Rejete
DOS_0594,1,130,9,61,61,59,68,16,19,24,78,83,85,85,99,61,61,27,27,27,27,27,28,26,26,28,27,27,27,27,26,27,,,,,,,,,,,,,,,,,,,,,,102,35,105,107,61,112,118,120,123,0,0,Rejete
DOS_0595,2,,,,,,,,,,,,,,97,,,,,,,,,,,,,,,,,,61,61,55,57,44,47,52,61,58,65,67,52,20,73,61,82,85,88,90,94,94,102,103,105,107,111,115,118,121,61,188.5683,187.7377,Bon
DOS_0596,2,,,,,,,,,,,,,,99,,,,,,,,,,,,,,,,,,29,36,7,43,54,49,53,41,57,64,67,70,61,76,79,81,84,89,91,92,94,102,103,61,61,111,61,119,122,124,192.4035,187.4395,Bon
DOS_0597,1,126,6,10,41,57,14,17,20,23,78,85,86,86,61,27,61,27,28,27,27,28,61,61,61,27,28,26,28,61,26,28,,,,,,,,,,,,,,,,,,,,,,101,61,61,107,111,114,119,121,124,0,0,Rejete
DOS_0598,2,,,,,,,,,,,,,,98,,,,,,,,,,,,,,,,,,32,36,61,61,54,47,52,56,60,67,61,52,21,76,78,80,85,88,61,61,94,101,104,61,107,110,115,116,120,123,189.0219,185.3446,Bon
DOS_0599,2,,,,,,,,,,,,,,96,,,,,,,,,,,,,,,,,,29,35,39,57,53,47,53,41,60,64,61,45,6,73,78,81,83,89,91,92,94,61,35,105,61,111,112,117,122,61,175.0982,168.7204,Bon
DOS_0600,1,127,8,11,61,60,14,16,19,23,78,86,86,85,96,61,61,26,61,27,27,28,27,26,26,61,26,27,28,26,26,61,,,,,,,,,,,,,,,,,,,,,,102,104,105,61,111,112,117,122,123,0,0,Rejete
DOS_0601,1,61,7,10,40,59,14,18,6,23,77,83,86,86,99,28,26,26,61,26,28,26,27,28,27,26,27,61,61,26,61,27,,,,,,,,,,,,,,,,,,,,,,101,104,61,107,109,112,116,120,123,0,0,Rejete
DOS_0602,2,,,,,,,,,,,,,,95,,,,,,,,,,,,,,,,,,33,61,55,40,52,47,50,41,59,62,67,71,6,61,18,80,86,87,90,94,61,102,61,61,107,61,113,61,61,123,115.8509,136.2835,Risque
DOS_0603,2,,,,,,,,,,,,,,98,,,,,,,,,,,,,,,,,,30,35,43,61,52,46,51,56,58,65,61,70,21,73,78,81,61,89,91,94,93,61,35,105,107,109,115,119,122,61,166.9644,166.8733,Bon
DOS_0604,1,126,6,11,13,57,14,16,19,23,61,85,83,86,95,26,61,28,28,28,27,28,61,61,28,26,26,27,28,28,61,27,,,,,,,,,,,,,,,,,,,,,,100,102,61,107,110,114,117,122,124,0,0,Rejete
DOS_0605,2,,,,,,,,,,,,,,96,,,,,,,,,,,,,,,,,,33,61,61,43,52,61,54,56,61,65,61,70,22,75,77,81,61,89,90,92,94,61,102,105,107,61,114,118,61,123,111.8005,128.4479,Risque
DOS_0606,1,61,9,10,41,60,68,17,19,24,79,61,86,83,98,61,61,26,28,26,61,27,27,61,61,27,27,26,26,28,27,27,,,,,,,,,,,,,,,,,,,,,,61,35,106,61,61,114,116,61,123,0,0,Rejete
DOS_0607,2,,,,,,,,,,,,,,96,,,,,,,,,,,,,,,,,,33,36,7,57,54,48,53,56,58,61,68,71,6,72,17,80,85,87,91,92,93,101,61,61,61,111,112,117,122,61,114.9861,132.5714,Risque
DOS_0608,2,,,,,,,,,,,,,,98,,,,,,,,,,,,,,,,,,30,35,42,41,44,48,53,61,60,67,67,61,21,61,77,82,85,88,61,92,94,100,61,105,107,110,112,61,122,125,179.7366,178.4391,Bon
DOS_0609,1,61,8,61,57,61,61,17,6,61,61,61,83,84,98,61,28,27,61,26,28,28,28,61,28,28,26,28,27,26,61,28,,,,,,,,,,,,,,,,,,,,,,101,35,105,108,109,115,61,61,124,0,0,Rejete
DOS_0610,2,,,,,,,,,,,,,,96,,,,,,,,,,,,,,,,,,31,37,39,43,54,61,53,55,57,63,67,45,22,74,17,61,86,87,91,61,94,61,35,61,107,61,112,117,120,124,160.1234,162.6053,Bon
DOS_0611,2,,,,,,,,,,,,,,96,,,,,,,,,,,,,,,,,,30,38,61,42,54,61,51,61,59,67,61,52,20,61,17,81,61,87,90,94,61,61,104,61,107,111,113,118,120,61,214.3577,211.4661,Excellent
DOS_0612,1,128,6,61,57,59,61,18,6,24,18,86,83,84,98,27,28,28,28,27,27,26,61,27,61,27,26,28,26,27,61,61,,,,,,,,,,,,,,,,,,,,,,102,61,61,107,110,113,118,120,124,0,0,Rejete
DOS_0613,2,,,,,,,,,,,,,,95,,,,,,,,,,,,,,,,,,30,35,42,41,45,61,51,41,57,65,68,71,6,73,78,61,85,87,90,92,61,100,104,105,61,109,113,117,121,124,178.6779,181.1145,Bon
DOS_0614,1,128,1,10,12,57,68,16,22,61,78,83,84,61,99,61,27,27,28,61,28,61,61,28,28,28,26,61,27,27,26,28,,,,,,,,,,,,,,,,,,,,,,100,61,105,107,109,112,116,121,61,0,0,Rejete
DOS_0615,2,,,,,,,,,,,,,,96,,,,,,,,,,,,,,,,,,30,36,55,42,61,49,53,61,59,61,68,70,20,61,79,80,86,61,61,94,94,100,104,61,107,109,115,119,122,123,170.0936,168.3462,Bon
DOS_0616,2,,,,,,,,,,,,,,61,,,,,,,,,,,,,,,,,,32,35,39,57,54,47,54,55,61,62,67,71,22,61,79,80,86,88,91,92,93,102,102,105,107,61,115,119,121,124,199.2904,197.0281,Bon
DOS_0617,1,130,8,11,61,59,14,17,20,23,18,84,61,61,98,26,27,27,28,61,28,61,27,27,61,28,26,61,27,61,61,27,,,,,,,,,,,,,,,,,,,,,,102,61,61,61,109,115,118,120,124,0,0,Rejete
DOS_0618,2,,,,,,,,,,,,,,98,,,,,,,,,,,,,,,,,,30,61,39,57,44,46,52,55,58,62,68,45,20,75,17,82,84,61,91,61,94,61,104,61,61,111,114,117,61,125,185.9582,183.48,Bon
DOS_0619,1,130,9,61,12,59,15,61,61,23,77,61,86,85,99,27,26,61,27,61,61,61,27,28,26,61,27,28,28,27,26,27,,,,,,,,,,,,,,,,,,,,,,101,103,61,107,109,61,117,122,125,0,0,Rejete
DOS_0620,1,61,7,10,40,60,61,16,20,24,18,84,84,61,61,61,27,27,27,61,27,26,61,28,28,26,61,61,61,61,26,28,,,,,,,,,,,,,,,,,,,,,,101,104,105,61,111,115,116,120,123,0,0,Rejete
DOS_0621,2,,,,,,,,,,,,,,95,,,,,,,,,,,,,,,,,,33,38,39,57,44,46,51,41,61,65,67,71,22,61,79,80,61,61,91,61,94,100,35,61,61,61,61,117,120,124,93.7982,117.784,Risque
DOS_0622,2,,,,,,,,,,,,,,95,,,,,,,,,,,,,,,,,,31,61,7,42,54,47,50,61,59,65,67,61,20,74,18,80,85,61,90,94,61,102,102,105,107,109,112,118,122,123,210.4495,206.3892,Excellent
DOS_0623,1,130,7,11,41,59,14,17,19,61,17,85,61,84,95,28,28,26,27,26,26,26,61,28,61,28,61,26,61,61,28,61,,,,,,,,,,,,,,,,,,,,,,100,35,105,61,111,61,116,122,125,0,0,Rejete
DOS_0624,1,61,61,61,61,57,61,61,19,23,79,61,61,84,95,26,61,26,28,26,28,27,28,28,26,28,61,28,61,27,28,27,,,,,,,,,,,,,,,,,,,,,,101,102,105,61,61,115,118,120,124,0,0,Rejete
DOS_0625,2,,,,,,,,,,,,,,99,,,,,,,,,,,,,,,,,,33,61,39,41,45,49,53,41,60,63,68,61,22,76,17,81,61,89,90,92,94,100,102,105,61,109,112,117,61,124,109.4645,124.8432,Risque
DOS_0626,1,61,9,10,61,58,68,16,19,61,78,86,84,83,96,27,61,61,61,61,26,26,61,28,27,28,27,61,61,27,26,27,,,,,,,,,,,,,,,,,,,,,,102,35,61,61,110,61,61,122,124,0,0,Rejete
DOS_0627,1,127,8,61,41,59,61,16,61,61,78,83,61,61,95,28,61,28,61,61,61,61,61,61,27,27,28,28,26,26,28,28,,,,,,,,,,,,,,,,,,,,,,101,103,61,107,61,61,119,122,123,0,0,Rejete
DOS_0628,2,,,,,,,,,,,,,,99,,,,,,,,,,,,,,,,,,32,37,39,42,54,47,61,41,61,63,68,52,22,72,18,61,83,89,90,61,93,101,35,61,107,111,61,116,120,123,189.167,191.3405,Bon
DOS_0629,2,,,,,,,,,,,,,,61,,,,,,,,,,,,,,,,,,32,35,55,43,44,47,53,56,60,63,61,52,21,75,18,80,86,61,61,92,93,101,104,61,107,110,114,61,122,61,184.3431,184.5105,Bon
DOS_0630,1,61,9,61,40,58,68,18,6,23,77,84,86,84,99,26,27,26,61,26,26,28,28,26,28,26,26,28,28,27,27,27,,,,,,,,,,,,,,,,,,,,,,101,35,61,61,61,114,61,121,123,0,0,Rejete
DOS_0631,1,61,8,10,41,60,67,17,61,23,79,86,61,83,96,26,27,27,28,28,26,28,61,27,26,27,26,28,27,61,61,27,,,,,,,,,,,,,,,,,,,,,,61,103,105,107,109,112,61,61,125,0,0,Rejete
DOS_0632,2,,,,,,,,,,,,,,95,,,,,,,,,,,,,,,,,,33,35,43,57,45,47,61,6,61,67,61,52,19,72,18,81,61,61,91,92,93,100,104,61,61,111,113,116,61,125,134.8246,155.4237,Moyen
DOS_0633,2,,,,,,,,,,,,,,99,,,,,,,,,,,,,,,,,,61,37,39,61,53,61,51,6,57,61,61,71,22,75,17,61,61,89,90,92,94,61,104,105,61,110,113,119,61,124,185.3141,182.3258,Bon
DOS_0634,1,129,6,61,61,58,14,61,20,23,79,61,84,85,61,28,61,61,61,27,61,28,28,61,28,26,27,28,26,28,26,61,,,,,,,,,,,,,,,,,,,,,,100,61,61,61,109,114,61,61,124,0,0,Rejete
DOS_0635,2,,,,,,,,,,,,,,99,,,,,,,,,,,,,,,,,,32,35,42,41,53,61,54,41,61,65,67,45,21,76,78,80,83,88,91,94,61,100,103,61,61,109,114,116,121,61,181.5488,184.5136,Bon
DOS_0636,1,126,7,10,13,57,61,17,61,23,78,86,61,85,97,27,27,61,27,26,26,61,27,26,61,27,26,27,28,27,61,28,,,,,,,,,,,,,,,,,,,,,,101,35,105,107,111,61,116,120,124,0,0,Rejete
DOS_0637,1,130,8,11,61,59,14,16,22,61,78,86,84,85,61,27,28,28,26,28,61,61,61,61,28,27,28,27,28,27,28,28,,,,,,,,,,,,,,,,,,,,,,102,35,105,61,111,115,61,121,125,0,0,Rejete
DOS_0638,2,,,,,,,,,,,,,,97,,,,,,,,,,,,,,,,,,32,36,42,42,52,61,52,41,60,61,61,61,20,61,61,82,61,89,61,92,61,101,35,61,108,111,113,119,122,123,155.6038,145.2294,Moyen
DOS_0639,1,61,8,61,41,58,68,61,6,23,61,84,61,85,98,26,27,26,26,61,27,28,28,26,28,26,27,26,28,28,26,61,,,,,,,,,,,,,,,,,,,,,,61,102,105,107,61,113,119,121,125,0,0,Rejete
DOS_0640,1,127,8,11,13,58,68,18,61,24,79,85,84,86,96,61,61,27,28,26,26,28,61,27,28,28,28,28,26,28,61,61,,,,,,,,,,,,,,,,,,,,,,102,103,61,107,109,113,119,121,124,0,0,Rejete
DOS_0641,2,,,,,,,,,,,,,,99,,,,,,,,,,,,,,,,,,33,36,7,57,44,49,61,56,59,64,67,61,19,75,78,81,86,87,90,92,94,102,104,105,107,110,115,118,122,61,121.902,134.5485,Moyen
DOS_0642,2,,,,,,,,,,,,,,97,,,,,,,,,,,,,,,,,,61,36,42,41,44,47,53,55,57,67,67,45,6,75,17,81,85,87,91,61,94,102,61,61,107,109,61,61,61,123,180.8882,180.5453,Bon
DOS_0643,1,130,61,10,40,58,68,18,6,61,79,83,85,84,61,27,61,28,28,26,27,27,27,26,27,28,27,61,28,28,61,27,,,,,,,,,,,,,,,,,,,,,,61,102,105,107,109,61,118,61,124,0,0,Rejete
DOS_0644,2,,,,,,,,,,,,,,96,,,,,,,,,,,,,,,,,,61,37,7,43,44,48,61,56,61,65,67,45,61,61,17,61,85,87,91,92,61,101,35,105,107,61,112,116,120,61,185.0154,185.9735,Bon
DOS_0645,1,128,6,10,40,58,68,61,20,23,79,85,86,84,95,26,26,28,27,61,61,26,28,28,26,28,27,26,28,28,28,27,,,,,,,,,,,,,,,,,,,,,,100,102,105,61,110,61,116,122,61,0,0,Rejete
DOS_0646,1,129,61,10,13,61,67,61,20,61,77,84,83,85,61,61,61,28,28,26,27,27,61,26,26,26,27,27,61,27,26,28,,,,,,,,,,,,,,,,,,,,,,61,61,105,61,61,115,116,61,124,0,0,Rejete
DOS_0647,1,129,61,11,40,57,68,16,61,61,18,86,83,84,97,61,26,61,28,61,61,61,27,26,28,27,26,28,26,26,61,28,,,,,,,,,,,,,,,,,,,,,,101,35,105,107,61,115,117,61,61,0,0,Rejete
DOS_0648,1,130,7,61,61,58,67,18,6,24,61,86,61,86,61,28,61,26,27,61,61,61,28,61,26,61,27,61,27,28,61,61,,,,,,,,,,,,,,,,,,,,,,102,35,105,107,111,114,118,120,61,0,0,Rejete
DOS_0649,1,129,7,11,41,60,68,61,20,61,61,85,86,86,95,27,27,26,28,26,26,61,27,28,27,26,28,27,28,27,26,61,,,,,,,,,,,,,,,,,,,,,,61,103,61,107,111,112,118,120,61,0,0,Rejete
DOS_0650,2,,,,,,,,,,,,,,95,,,,,,,,,,,,,,,,,,32,37,42,57,52,49,52,6,61,66,68,61,61,73,78,80,84,88,61,61,94,61,61,105,107,110,114,61,120,124,170.4418,156.1013,Bon
DOS_0651,1,128,9,10,12,57,67,16,6,23,18,86,83,86,96,28,61,28,61,26,28,27,27,26,61,26,26,28,61,28,61,61,,,,,,,,,,,,,,,,,,,,,,101,61,61,107,109,115,61,121,61,0,0,Rejete
DOS_0652,1,61,7,11,57,59,67,18,20,61,78,86,83,86,97,61,26,26,27,26,61,27,27,27,26,61,26,61,61,28,27,61,,,,,,,,,,,,,,,,,,,,,,61,103,105,61,111,115,117,121,61,0,0,Rejete
DOS_0653,1,61,7,10,57,61,67,18,20,24,61,61,85,61,98,61,27,26,27,61,28,27,27,27,28,28,26,61,28,26,27,27,,,,,,,,,,,,,,,,,,,,,,61,61,105,107,110,114,118,120,125,0,0,Rejete
DOS_0654,2,,,,,,,,,,,,,,95,,,,,,,,,,,,,,,,,,31,38,42,40,44,47,61,41,57,67,61,61,21,74,17,82,83,88,90,94,61,61,35,61,61,109,115,117,61,125,186.4972,188.6252,Bon
DOS_0655,2,,,,,,,,,,,,,,96,,,,,,,,,,,,,,,,,,61,37,7,43,54,49,51,56,61,62,67,71,22,76,18,81,86,88,91,94,61,100,61,105,61,109,113,61,120,61,193.2892,194.3003,Bon
DOS_0656,1,61,7,61,40,58,67,17,22,61,17,85,83,83,61,28,27,28,28,27,26,27,27,28,26,28,61,61,28,26,26,61,,,,,,,,,,,,,,,,,,,,,,102,103,61,107,110,115,118,61,125,0,0,Rejete
DOS_0657,1,128,9,10,13,59,61,18,19,24,77,61,83,61,99,26,26,27,28,61,28,28,61,27,26,27,27,61,61,61,61,28,,,,,,,,,,,,,,,,,,,,,,102,35,105,107,110,114,116,120,61,0,0,Rejete
DOS_0658,2,,,,,,,,,,,,,,96,,,,,,,,,,,,,,,,,,33,37,39,40,54,49,50,61,57,62,68,52,21,61,61,82,86,88,61,61,94,102,35,105,107,110,112,119,121,125,92.0779,110.457,Risque
DOS_0659,1,130,8,10,41,59,61,17,21,24,17,86,61,84,99,61,28,27,28,26,28,27,61,28,28,61,26,27,61,61,28,28,,,,,,,,,,,,,,,,,,,,,,101,102,61,61,111,61,117,121,125,0,0,Rejete
DOS_0660,2,,,,,,,,,,,,,,61,,,,,,,,,,,,,,,,,,32,38,7,57,52,49,50,61,57,63,61,61,61,75,61,61,61,89,91,92,94,101,35,61,61,61,115,119,61,123,169.2593,166.2866,Bon
DOS_0661,2,,,,,,,,,,,,,,61,,,,,,,,,,,,,,,,,,32,61,55,57,52,61,53,55,58,64,68,71,22,61,77,82,61,61,90,61,94,100,35,61,61,109,112,61,120,61,152.0902,154.4773,Moyen
DOS_0662,1,61,8,11,61,61,15,61,21,23,61,84,86,85,97,28,27,61,26,61,27,28,27,28,26,27,28,26,27,28,61,27,,,,,,,,,,,,,,,,,,,,,,101,104,61,61,111,115,61,121,123,0,0,Rejete
DOS_0663,2,,,,,,,,,,,,,,99,,,,,,,,,,,,,,,,,,31,61,55,61,53,47,54,56,61,61,67,45,20,75,79,82,84,87,91,61,61,101,102,61,61,61,112,61,122,124,189.4118,186.2521,Bon
DOS_0664,1,129,8,11,41,57,68,61,61,61,77,83,61,83,97,28,61,61,26,61,26,61,27,61,28,28,28,61,61,61,27,27,,,,,,,,,,,,,,,,,,,,,,61,103,61,61,61,113,117,120,124,0,0,Rejete
DOS_0665,1,129,7,61,13,59,14,18,6,61,77,86,85,83,95,61,61,61,28,26,28,27,26,61,61,28,26,28,61,28,27,27,,,,,,,,,,,,,,,,,,,,,,61,102,61,61,110,113,119,120,61,0,0,Rejete
DOS_0666,1,127,8,10,13,57,14,18,61,61,17,84,61,85,97,28,27,27,27,61,61,26,61,26,26,28,61,26,26,26,26,28,,,,,,,,,,,,,,,,,,,,,,100,35,61,61,110,114,118,122,125,0,0,Rejete
DOS_0667,2,,,,,,,,,,,,,,99,,,,,,,,,,,,,,,,,,31,38,55,57,54,61,54,61,57,61,68,71,22,72,77,61,83,61,61,94,61,61,104,105,61,111,115,119,120,125,185.9406,184.3413,Bon
DOS_0668,2,,,,,,,,,,,,,,96,,,,,,,,,,,,,,,,,,61,38,43,40,61,61,50,56,60,62,61,52,19,61,17,61,83,89,91,94,93,101,104,61,108,110,115,118,121,61,198.585,184.2402,Bon
DOS_0669,1,126,7,61,12,59,67,17,21,24,61,85,85,84,61,28,28,26,26,27,27,61,28,26,61,61,28,61,61,28,26,27,,,,,,,,,,,,,,,,,,,,,,61,35,61,107,111,114,119,61,124,0,0,Rejete
DOS_0670,2,,,,,,,,,,,,,,97,,,,,,,,,,,,,,,,,,61,36,55,40,52,61,52,41,59,61,61,61,21,74,79,82,61,61,91,94,94,102,102,105,61,109,112,117,120,61,187.4377,180.5193,Bon
DOS_0671,2,,,,,,,,,,,,,,98,,,,,,,,,,,,,,,,,,33,36,55,43,45,48,54,61,57,64,67,61,20,74,17,82,84,87,61,61,93,100,61,105,107,109,61,119,120,124,85.2738,109.0056,Risque
DOS_0672,1,127,7,11,61,58,67,17,19,24,17,85,83,86,98,26,26,61,28,28,28,28,61,61,27,28,28,28,26,27,26,61,,,,,,,,,,,,,,,,,,,,,,61,35,61,61,109,112,118,122,123,0,0,Rejete
DOS_0673,2,,,,,,,,,,,,,,61,,,,,,,,,,,,,,,,,,31,36,55,42,52,46,54,55,57,67,69,52,61,74,17,61,86,88,90,61,94,100,102,61,61,109,61,117,120,61,136.7756,128.8319,Moyen
DOS_0674,1,129,61,11,40,58,67,18,21,61,17,84,61,86,97,27,26,26,61,28,28,61,28,27,61,26,27,28,26,28,28,61,,,,,,,,,,,,,,,,,,,,,,100,61,61,107,110,115,117,61,124,0,0,Rejete
DOS_0675,2,,,,,,,,,,,,,,61,,,,,,,,,,,,,,,,,,33,35,61,40,61,61,53,55,59,64,68,71,21,75,78,80,85,87,61,61,94,61,35,105,107,111,61,116,122,61,90.511,110.5997,Risque
DOS_0676,1,129,9,11,40,61,68,61,19,23,78,61,83,83,96,61,26,28,61,28,61,26,61,26,27,26,27,28,26,28,28,61,,,,,,,,,,,,,,,,,,,,,,101,61,61,61,109,113,117,61,124,0,0,Rejete
DOS_0677,1,128,61,61,57,61,68,61,6,24,18,61,85,84,95,26,28,61,61,28,61,27,27,28,27,27,27,26,26,27,27,27,,,,,,,,,,,,,,,,,,,,,,102,102,61,61,61,113,116,120,61,0,0,Rejete
DOS_0678,1,130,61,61,41,60,68,18,22,24,61,85,84,83,98,27,26,61,28,28,28,27,61,61,28,61,28,26,26,28,61,27,,,,,,,,,,,,,,,,,,,,,,61,102,105,61,111,61,119,120,125,0,0,Rejete
DOS_0679,1,126,7,61,13,59,67,16,21,61,78,86,61,61,98,26,26,27,28,27,26,26,27,26,26,28,61,27,27,28,27,28,,,,,,,,,,,,,,,,,,,,,,61,102,61,61,111,61,119,122,124,0,0,Rejete
DOS_0680,2,,,,,,,,,,,,,,61,,,,,,,,,,,,,,,,,,30,37,61,43,45,49,53,6,61,61,67,70,19,73,17,80,84,61,61,92,94,100,61,61,107,111,112,118,122,61,193.0709,190.9864,Bon
DOS_0681,1,128,6,10,41,58,14,61,61,24,61,85,84,86,99,27,28,61,61,27,28,26,27,28,28,27,27,26,61,61,28,61,,,,,,,,,,,,,,,,,,,,,,101,61,105,61,110,113,116,121,123,0,0,Rejete
DOS_0682,1,129,9,10,13,60,15,16,22,24,18,85,85,83,61,26,28,27,28,27,26,61,61,27,27,28,61,28,61,61,61,28,,,,,,,,,,,,,,,,,,,,,,102,102,61,61,109,115,119,120,125,0,0,Rejete
DOS_0683,2,,,,,,,,,,,,,,95,,,,,,,,,,,,,,,,,,29,37,7,41,61,61,52,41,60,62,61,45,6,74,79,61,85,87,91,92,94,102,103,61,61,109,115,117,122,61,194.581,186.2509,Bon
DOS_0684,2,,,,,,,,,,,,,,99,,,,,,,,,,,,,,,,,,29,35,7,61,52,49,53,41,59,64,68,70,22,76,77,82,85,89,61,61,93,102,61,105,61,61,112,117,61,125,197.2373,191.1361,Bon
DOS_0685,1,128,61,61,41,58,14,61,22,61,79,83,86,86,96,28,26,27,61,27,27,27,61,28,61,26,28,26,61,26,28,61,,,,,,,,,,,,,,,,,,,,,,101,103,61,107,111,114,61,61,124,0,0,Rejete
DOS_0686,2,,,,,,,,,,,,,,98,,,,,,,,,,,,,,,,,,61,35,7,61,53,61,53,41,61,62,68,70,61,75,18,61,61,61,90,92,94,102,35,61,107,109,112,117,120,61,183.7364,182.5004,Bon
DOS_0687,2,,,,,,,,,,,,,,99,,,,,,,,,,,,,,,,,,29,35,42,61,44,49,53,61,57,63,67,71,61,73,18,81,86,61,91,61,93,102,61,61,107,111,61,61,121,125,204.3536,202.7187,Excellent
DOS_0688,1,61,61,61,12,57,67,17,20,23,77,83,85,84,61,27,61,28,27,61,61,27,61,61,61,26,28,26,27,26,26,61,,,,,,,,,,,,,,,,,,,,,,100,102,105,107,109,61,116,61,61,0,0,Rejete
DOS_0689,2,,,,,,,,,,,,,,96,,,,,,,,,,,,,,,,,,61,38,7,43,45,49,50,61,58,63,67,52,6,76,78,80,84,88,90,92,94,101,104,61,61,61,112,117,122,124,189.075,186.0822,Bon
DOS_0690,2,,,,,,,,,,,,,,98,,,,,,,,,,,,,,,,,,29,61,42,61,54,61,51,56,59,63,67,70,61,74,77,80,83,89,90,92,93,102,102,61,61,111,112,61,61,61,230.9209,222.9888,Excellent
DOS_0691,2,,,,,,,,,,,,,,96,,,,,,,,,,,,,,,,,,30,35,39,43,61,61,50,61,60,67,61,52,20,72,18,81,85,89,90,92,94,101,102,105,61,111,113,117,120,124,206.6978,203.1902,Excellent
DOS_0692,1,126,61,11,12,60,68,16,22,24,17,86,83,86,95,27,26,28,61,26,28,26,61,27,26,27,27,61,28,28,61,28,,,,,,,,,,,,,,,,,,,,,,102,102,105,61,111,115,119,120,123,0,0,Rejete
DOS_0693,1,130,7,11,61,57,61,17,61,23,17,61,86,83,98,28,26,27,61,27,61,61,28,28,27,26,28,27,26,27,61,28,,,,,,,,,,,,,,,,,,,,,,101,61,61,107,111,114,116,61,123,0,0,Rejete
DOS_0694,2,,,,,,,,,,,,,,97,,,,,,,,,,,,,,,,,,29,36,39,57,53,61,61,55,59,63,61,70,20,61,79,80,86,88,91,92,94,61,104,105,107,109,115,118,61,125,187.1549,181.1947,Bon
DOS_0695,1,61,7,10,40,57,14,16,21,61,61,61,86,83,99,61,26,27,26,28,61,61,61,28,26,27,28,61,26,28,26,28,,,,,,,,,,,,,,,,,,,,,,100,104,105,107,61,113,118,122,61,0,0,Rejete
DOS_0696,1,61,61,11,40,60,61,16,22,24,61,85,84,85,98,27,26,61,27,26,27,27,61,61,61,28,61,28,28,26,26,28,,,,,,,,,,,,,,,,,,,,,,101,102,105,61,61,112,119,121,61,0,0,Rejete
DOS_0697,2,,,,,,,,,,,,,,99,,,,,,,,,,,,,,,,,,33,37,61,42,61,47,50,61,60,64,61,70,6,61,77,61,83,87,91,61,94,100,104,106,107,61,112,116,61,61,69.7053,77.7788,Tres_Risque
DOS_0698,1,128,6,10,13,58,67,61,20,61,18,86,83,86,98,61,26,27,27,61,61,26,28,61,61,61,28,61,26,27,61,27,,,,,,,,,,,,,,,,,,,,,,61,103,105,61,111,61,118,122,124,0,0,Rejete
DOS_0699,1,61,6,10,61,60,67,18,22,61,61,84,84,84,97,27,28,28,61,26,61,26,28,28,27,26,61,28,27,27,28,28,,,,,,,,,,,,,,,,,,,,,,100,35,61,61,110,113,117,61,124,0,0,Rejete
DOS_0700,1,128,61,11,40,57,61,16,21,23,18,85,85,85,61,27,61,61,28,27,28,28,28,61,61,61,26,27,26,27,27,27,,,,,,,,,,,,,,,,,,,,,,61,35,61,61,109,114,117,120,123,0,0,Rejete
DOS_0701,2,,,,,,,,,,,,,,95,,,,,,,,,,,,,,,,,,29,35,43,61,52,61,53,6,61,65,61,45,21,73,77,61,83,61,61,61,94,101,61,61,61,111,113,61,61,125,204.1119,198.7816,Excellent
DOS_0702,1,127,61,10,12,59,67,16,20,23,17,85,85,85,95,28,61,27,26,26,28,61,28,28,26,26,28,27,61,61,28,27,,,,,,,,,,,,,,,,,,,,,,100,35,105,61,110,112,119,121,123,0,0,Rejete
DOS_0703,1,126,9,11,61,57,68,16,61,61,17,83,85,85,97,27,61,61,26,28,28,26,28,26,26,28,26,26,61,61,61,27,,,,,,,,,,,,,,,,,,,,,,101,103,61,61,61,115,116,122,124,0,0,Rejete
DOS_0704,2,,,,,,,,,,,,,,97,,,,,,,,,,,,,,,,,,33,36,55,57,54,47,54,56,58,62,61,70,6,73,79,82,85,87,90,94,93,101,103,61,61,109,61,118,121,61,104.4936,124.0813,Risque
DOS_0705,2,,,,,,,,,,,,,,61,,,,,,,,,,,,,,,,,,32,37,42,41,61,46,52,41,60,67,61,52,61,72,17,61,86,61,91,92,93,102,61,61,107,111,115,117,122,125,196.7433,193.7498,Bon
DOS_0706,1,128,61,11,13,61,61,17,61,24,17,83,84,85,97,28,61,61,26,26,26,28,26,61,28,61,27,61,61,27,28,28,,,,,,,,,,,,,,,,,,,,,,61,103,61,107,109,61,61,61,125,0,0,Rejete
DOS_0707,1,61,8,11,41,58,14,17,61,23,18,83,83,86,95,28,26,28,61,28,61,26,61,26,28,27,27,27,28,28,61,27,,,,,,,,,,,,,,,,,,,,,,101,35,105,107,111,115,117,120,124,0,0,Rejete
DOS_0708,1,127,9,61,12,60,67,18,20,23,78,86,85,83,97,26,26,26,61,28,61,61,61,28,28,27,61,61,27,28,28,27,,,,,,,,,,,,,,,,,,,,,,61,102,105,107,110,115,117,61,124,0,0,Rejete
DOS_0709,2,,,,,,,,,,,,,,99,,,,,,,,,,,,,,,,,,61,36,55,42,54,49,54,41,60,63,61,61,22,76,18,82,84,89,90,61,94,100,102,61,107,111,113,61,61,124,199.9326,195.2238,Bon
DOS_0710,1,130,8,10,57,59,67,18,20,23,77,61,85,84,99,27,27,28,26,28,26,61,27,27,28,26,26,61,26,28,28,28,,,,,,,,,,,,,,,,,,,,,,61,103,105,107,61,112,61,122,124,0,0,Rejete
DOS_0711,1,128,7,11,40,59,14,16,19,23,77,83,61,83,99,28,27,28,28,26,61,26,28,28,28,61,26,61,61,27,27,61,,,,,,,,,,,,,,,,,,,,,,101,104,105,107,110,115,61,120,125,0,0,Rejete
DOS_0712,2,,,,,,,,,,,,,,99,,,,,,,,,,,,,,,,,,32,36,55,42,44,49,51,55,58,67,68,52,19,74,79,82,86,61,90,94,61,102,102,105,107,61,115,61,121,124,192.9309,192.5619,Bon
DOS_0713,1,126,61,10,57,59,68,17,22,61,79,86,83,86,95,61,28,26,28,61,26,28,61,61,28,61,27,61,61,27,26,26,,,,,,,,,,,,,,,,,,,,,,100,35,61,107,109,112,118,120,123,0,0,Rejete
DOS_0714,2,,,,,,,,,,,,,,95,,,,,,,,,,,,,,,,,,29,61,55,61,61,48,53,41,58,61,61,52,19,75,79,82,85,89,61,61,94,101,102,61,108,61,112,118,121,61,175.242,161.4631,Bon
DOS_0715,1,130,6,11,13,59,14,18,21,24,18,85,84,83,97,27,26,26,27,28,28,61,27,27,61,61,61,27,26,27,26,61,,,,,,,,,,,,,,,,,,,,,,61,102,61,107,111,115,117,61,61,0,0,Rejete
DOS_0716,2,,,,,,,,,,,,,,98,,,,,,,,,,,,,,,,,,30,38,55,41,52,61,53,41,58,63,67,45,21,74,79,80,61,88,61,94,93,100,35,105,61,109,61,61,61,61,174.0356,175.9862,Bon
DOS_0717,1,129,8,10,40,61,14,16,20,61,77,83,86,61,61,61,61,27,61,27,28,26,28,27,27,28,27,61,28,61,26,26,,,,,,,,,,,,,,,,,,,,,,102,103,105,108,110,115,118,122,125,0,0,Rejete
DOS_0718,1,128,6,61,12,58,67,18,6,61,17,86,86,83,97,27,61,28,28,61,26,61,28,26,28,27,61,61,28,28,28,27,,,,,,,,,,,,,,,,,,,,,,61,35,61,107,109,112,119,61,124,0,0,Rejete
DOS_0719,1,128,8,11,13,57,67,17,20,23,18,61,83,85,98,61,26,61,26,26,28,61,27,26,26,27,28,61,27,28,61,61,,,,,,,,,,,,,,,,,,,,,,61,103,61,107,109,115,119,61,124,0,0,Rejete
DOS_0720,2,,,,,,,,,,,,,,99,,,,,,,,,,,,,,,,,,29,35,39,41,44,48,50,41,57,61,67,70,61,72,78,82,83,89,91,92,94,100,61,105,61,109,114,119,122,123,157.6714,159.0641,Moyen
DOS_0721,1,130,8,10,57,59,61,61,20,23,78,83,86,85,97,61,28,28,61,26,27,27,61,27,61,28,26,27,61,28,26,26,,,,,,,,,,,,,,,,,,,,,,101,35,61,61,111,61,118,61,124,0,0,Rejete
DOS_0722,1,129,7,61,61,60,61,16,61,24,77,84,86,83,99,26,28,61,28,61,61,28,28,28,28,26,61,26,27,61,26,26,,,,,,,,,,,,,,,,,,,,,,100,104,61,107,61,113,118,122,125,0,0,Rejete
DOS_0723,2,,,,,,,,,,,,,,95,,,,,,,,,,,,,,,,,,32,35,55,42,53,47,61,6,59,67,67,71,19,76,61,80,61,87,90,92,94,102,61,105,107,61,112,118,122,125,205.0873,207.4579,Excellent
DOS_0724,2,,,,,,,,,,,,,,61,,,,,,,,,,,,,,,,,,31,61,42,42,52,47,51,41,60,67,61,45,20,61,17,81,85,88,91,61,93,102,61,61,107,111,112,116,61,125,206.8717,204.0052,Excellent
DOS_0725,1,61,6,10,57,61,61,18,61,61,17,85,84,61,98,61,61,26,28,26,27,28,27,61,61,61,26,61,26,28,28,27,,,,,,,,,,,,,,,,,,,,,,61,103,61,107,110,61,119,120,61,0,0,Rejete
DOS_0726,1,128,8,10,61,58,14,17,21,24,77,61,86,83,98,28,28,61,26,27,27,28,28,26,61,61,27,28,28,27,26,61,,,,,,,,,,,,,,,,,,,,,,100,102,61,107,61,61,61,61,125,0,0,Rejete
DOS_0727,2,,,,,,,,,,,,,,98,,,,,,,,,,,,,,,,,,29,35,55,61,44,46,61,55,60,63,61,61,61,76,18,80,83,88,61,92,61,100,104,105,61,110,113,116,122,61,188.6494,188.1073,Bon
DOS_0728,1,61,6,11,40,57,61,18,61,23,61,83,61,84,96,27,27,26,61,27,26,61,27,61,61,26,27,26,27,27,61,27,,,,,,,,,,,,,,,,,,,,,,101,103,61,61,61,114,119,120,123,0,0,Rejete
DOS_0729,2,,,,,,,,,,,,,,96,,,,,,,,,,,,,,,,,,30,38,43,40,52,61,54,55,60,61,67,70,20,76,17,61,86,88,91,61,93,61,102,105,107,61,112,117,122,125,223.4221,216.1707,Excellent
DOS_0730,1,129,9,11,61,60,68,16,20,23,78,83,85,61,99,28,28,28,26,61,27,61,61,26,27,28,26,27,26,28,61,28,,,,,,,,,,,,,,,,,,,,,,102,103,61,107,111,61,61,122,61,0,0,Rejete
DOS_0731,1,61,6,61,57,58,14,61,21,61,79,61,84,61,96,28,28,26,27,28,61,28,27,26,61,27,61,61,26,27,61,28,,,,,,,,,,,,,,,,,,,,,,101,103,61,107,61,113,119,121,61,0,0,Rejete
DOS_0732,1,129,8,11,13,58,68,17,19,61,79,84,61,86,99,26,61,27,26,27,61,27,28,28,28,27,27,26,61,27,26,28,,,,,,,,,,,,,,,,,,,,,,102,103,105,61,110,114,61,120,124,0,0,Rejete
DOS_0733,2,,,,,,,,,,,,,,99,,,,,,,,,,,,,,,,,,30,61,42,41,61,46,53,41,60,65,68,70,21,72,61,80,83,87,61,94,93,61,61,105,61,109,114,116,122,124,204.8802,202.6435,Excellent
DOS_0734,2,,,,,,,,,,,,,,95,,,,,,,,,,,,,,,,,,29,35,39,42,44,49,51,41,57,61,61,70,20,75,77,80,84,87,61,92,93,101,104,105,108,110,115,61,61,61,172.0147,164.0825,Bon
DOS_0735,1,129,61,11,61,58,67,61,19,24,18,86,83,83,98,28,26,26,28,26,61,61,61,61,27,26,27,28,26,26,28,26,,,,,,,,,,,,,,,,,,,,,,102,35,105,61,61,114,61,121,125,0,0,Rejete
DOS_0736,2,,,,,,,,,,,,,,99,,,,,,,,,,,,,,,,,,32,61,43,61,53,46,61,41,58,62,61,45,21,76,79,61,84,89,91,61,94,100,104,61,107,110,115,118,120,125,173.8075,172.8479,Bon
DOS_0737,1,61,9,10,57,59,61,61,22,61,79,83,86,85,99,28,28,26,61,26,61,26,28,27,27,27,28,28,28,28,27,61,,,,,,,,,,,,,,,,,,,,,,100,35,61,61,110,112,117,61,124,0,0,Rejete
DOS_0738,2,,,,,,,,,,,,,,97,,,,,,,,,,,,,,,,,,32,37,42,42,54,61,50,55,61,64,67,71,21,74,61,80,61,89,61,61,93,101,102,105,108,109,115,116,61,123,172.7622,161.797,Bon
DOS_0739,2,,,,,,,,,,,,,,95,,,,,,,,,,,,,,,,,,30,35,39,40,53,61,54,6,61,65,61,61,6,61,17,61,83,87,61,92,94,100,35,61,107,109,114,119,61,124,178.3334,178.3452,Bon
DOS_0740,2,,,,,,,,,,,,,,99,,,,,,,,,,,,,,,,,,61,38,55,40,45,61,61,6,61,63,61,71,22,61,17,80,84,61,61,94,94,102,103,61,107,109,112,119,122,125,180.8657,175.3004,Bon
DOS_0741,2,,,,,,,,,,,,,,98,,,,,,,,,,,,,,,,,,31,37,7,57,44,49,53,61,58,64,61,45,61,75,18,81,61,88,61,61,94,101,102,61,107,111,114,61,122,123,197.0413,187.1241,Bon
DOS_0742,2,,,,,,,,,,,,,,98,,,,,,,,,,,,,,,,,,32,37,43,41,53,61,51,6,61,61,61,52,19,75,61,61,83,88,91,61,94,102,102,61,107,109,115,119,120,123,206.6894,196.9074,Excellent
DOS_0743,1,127,8,61,61,57,14,17,61,23,61,86,85,84,97,28,28,26,28,61,27,28,27,27,27,27,27,28,61,61,26,61,,,,,,,,,,,,,,,,,,,,,,102,104,105,61,110,112,117,120,61,0,0,Rejete
DOS_0744,1,127,9,11,41,58,61,61,21,24,77,84,83,61,98,27,61,26,61,28,26,61,27,27,27,27,27,26,28,61,28,61,,,,,,,,,,,,,,,,,,,,,,61,35,61,61,111,115,116,120,123,0,0,Rejete
DOS_0745,2,,,,,,,,,,,,,,98,,,,,,,,,,,,,,,,,,29,37,7,41,52,48,54,56,60,65,61,70,20,73,61,61,61,87,91,61,93,100,103,61,61,110,115,117,61,123,195.1765,190.7254,Bon
DOS_0746,1,127,6,61,61,61,14,61,61,23,78,86,86,83,98,26,27,26,26,27,27,28,27,61,61,61,27,26,61,27,26,27,,,,,,,,,,,,,,,,,,,,,,101,102,106,61,109,61,116,61,125,0,0,Rejete
DOS_0747,2,,,,,,,,,,,,,,61,,,,,,,,,,,,,,,,,,30,61,61,61,44,61,51,61,58,62,67,45,6,73,17,61,84,61,90,94,94,61,61,61,61,110,115,118,122,125,178.2139,177.0234,Bon
DOS_0748,1,127,8,10,12,58,67,18,21,24,78,85,84,85,99,61,26,61,28,61,27,28,28,27,28,61,27,61,61,28,61,61,,,,,,,,,,,,,,,,,,,,,,101,103,105,107,61,61,61,122,61,0,0,Rejete
DOS_0749,1,61,9,11,41,60,61,61,20,61,77,61,84,61,98,26,61,28,26,61,26,26,28,26,61,26,28,61,61,26,27,61,,,,,,,,,,,,,,,,,,,,,,61,102,105,107,110,61,116,120,61,0,0,Rejete
DOS_0750,1,129,61,11,61,60,14,17,20,61,61,83,86,83,96,28,26,61,26,26,61,26,61,61,61,26,28,27,26,61,61,61,,,,,,,,,,,,,,,,,,,,,,100,103,105,107,111,114,118,61,123,0,0,Rejete
DOS_0751,2,,,,,,,,,,,,,,95,,,,,,,,,,,,,,,,,,31,35,7,40,45,49,54,61,61,61,67,45,19,76,18,61,86,89,90,61,94,102,102,105,61,109,112,116,121,123,214.5096,209.1127,Excellent
DOS_0752,1,130,8,61,61,57,61,17,21,61,78,85,61,86,97,28,27,61,28,27,26,28,28,26,28,27,61,28,26,28,26,27,,,,,,,,,,,,,,,,,,,,,,101,35,106,61,111,61,119,121,125,0,0,Rejete
DOS_0753,1,130,6,11,12,61,14,18,21,24,18,85,61,85,61,28,26,26,27,28,61,27,27,28,61,28,28,28,26,61,27,28,,,,,,,,,,,,,,,,,,,,,,61,102,61,107,61,61,116,122,123,0,0,Rejete
DOS_0754,2,,,,,,,,,,,,,,96,,,,,,,,,,,,,,,,,,32,61,55,57,44,46,61,55,61,62,68,61,22,72,79,80,85,87,90,92,94,102,35,61,61,110,115,117,121,61,169.8,171.1932,Bon
DOS_0755,1,129,8,10,41,61,68,18,19,24,78,86,83,85,95,26,61,28,61,27,26,28,28,27,61,28,26,28,28,27,27,28,,,,,,,,,,,,,,,,,,,,,,102,104,61,107,111,115,118,120,124,0,0,Rejete
DOS_0756,2,,,,,,,,,,,,,,95,,,,,,,,,,,,,,,,,,61,61,42,43,54,61,53,6,59,62,67,61,20,61,79,61,61,61,90,61,61,102,104,61,61,110,112,118,61,125,213.6233,208.8037,Excellent
DOS_0757,2,,,,,,,,,,,,,,97,,,,,,,,,,,,,,,,,,31,38,39,43,54,46,50,41,59,61,67,45,21,75,79,81,83,61,90,61,61,102,61,61,61,61,113,117,61,125,204.4924,202.4387,Excellent
DOS_0758,1,127,7,10,61,59,68,61,61,61,78,85,86,85,99,26,27,26,27,26,61,27,28,26,61,61,26,28,28,28,28,28,,,,,,,,,,,,,,,,,,,,,,101,102,105,61,109,113,118,122,124,0,0,Rejete
DOS_0759,1,61,7,61,57,61,61,18,22,61,18,61,61,85,98,28,61,26,28,27,26,27,27,27,61,26,27,27,27,26,27,28,,,,,,,,,,,,,,,,,,,,,,101,61,105,107,111,115,61,120,124,0,0,Rejete
DOS_0760,1,127,6,61,12,61,61,16,19,61,17,86,61,84,99,26,61,27,27,27,28,28,61,28,61,27,28,61,27,27,27,28,,,,,,,,,,,,,,,,,,,,,,101,102,61,107,110,61,119,121,61,0,0,Rejete
DOS_0761,1,126,9,10,41,60,68,16,20,61,77,85,83,84,61,28,61,27,61,61,26,28,28,61,26,28,61,28,61,61,27,28,,,,,,,,,,,,,,,,,,,,,,102,61,105,107,61,114,117,121,125,0,0,Rejete
DOS_0762,1,1,9,61,61,58,68,18,21,61,79,86,83,83,97,28,28,28,27,61,28,26,27,28,27,26,26,27,26,27,27,27,,,,,,,,,,,,,,,,,,,,,,61,102,105,107,111,61,119,122,124,0,0,Rejete
DOS_0763,2,,,,,,,,,,,,,,98,,,,,,,,,,,,,,,,,,33,38,55,42,45,61,51,41,61,61,69,70,20,73,78,81,86,87,90,61,93,102,102,61,107,111,114,119,61,61,89.9926,95.1169,Risque
DOS_0764,2,,,,,,,,,,,,,,61,,,,,,,,,,,,,,,,,,31,38,7,43,53,61,52,6,60,67,68,52,61,61,78,80,85,89,91,92,93,102,104,61,61,110,115,116,121,125,216.2086,211.1365,Excellent
DOS_0765,1,61,8,10,12,60,14,18,22,24,61,84,83,84,96,28,61,27,26,27,28,26,61,28,27,27,26,27,28,28,26,27,,,,,,,,,,,,,,,,,,,,,,101,35,105,107,111,113,116,122,61,0,0,Rejete
DOS_0766,2,,,,,,,,,,,,,,98,,,,,,,,,,,,,,,,,,32,36,7,61,44,61,52,55,61,65,61,45,61,72,77,82,84,88,91,94,93,101,35,61,107,61,112,117,61,123,158.2546,159.5755,Moyen
DOS_0767,2,,,,,,,,,,,,,,95,,,,,,,,,,,,,,,,,,29,36,7,61,61,47,52,61,57,64,68,52,21,73,18,81,61,87,61,61,93,102,102,61,61,109,112,117,121,123,206.0982,199.6673,Excellent
DOS_0768,1,128,8,61,13,61,14,16,20,23,18,83,84,84,96,27,26,61,27,27,61,61,28,26,61,26,26,27,26,26,61,28,,,,,,,,,,,,,,,,,,,,,,100,61,105,61,109,61,117,121,61,0,0,Rejete
DOS_0769,2,,,,,,,,,,,,,,95,,,,,,,,,,,,,,,,,,30,36,39,57,45,48,52,61,57,63,61,71,22,74,61,82,84,87,91,61,94,102,102,105,61,110,115,117,121,123,200.2663,192.6387,Excellent
DOS_0770,2,,,,,,,,,,,,,,95,,,,,,,,,,,,,,,,,,61,61,61,57,44,46,52,6,61,67,69,71,6,75,78,81,86,87,90,94,61,100,103,105,61,110,113,117,120,125,161.7105,152.8642,Bon
DOS_0771,2,,,,,,,,,,,,,,97,,,,,,,,,,,,,,,,,,29,37,61,57,54,49,51,41,59,65,68,70,61,76,61,81,85,87,61,94,61,101,103,105,61,110,113,119,121,124,211.0686,205.8663,Excellent
DOS_0772,2,,,,,,,,,,,,,,61,,,,,,,,,,,,,,,,,,30,37,43,41,61,48,52,56,61,65,67,71,22,76,79,61,61,88,90,92,94,100,103,61,107,110,113,119,120,123,199.4572,198.1579,Bon
DOS_0773,1,128,6,11,41,59,61,18,20,23,78,86,86,86,61,28,28,26,26,26,28,28,28,61,27,26,28,27,61,26,26,28,,,,,,,,,,,,,,,,,,,,,,61,102,105,107,111,113,61,61,123,0,0,Rejete
DOS_0774,1,126,6,10,57,57,14,17,21,23,61,85,84,86,61,26,27,28,28,28,28,28,28,61,61,26,26,27,26,26,26,28,,,,,,,,,,,,,,,,,,,,,,101,102,61,61,61,115,61,122,123,0,0,Rejete
DOS_0775,2,,,,,,,,,,,,,,97,,,,,,,,,,,,,,,,,,32,36,39,43,53,61,53,56,60,61,67,61,21,61,61,80,85,87,61,61,61,101,35,105,107,61,61,117,120,61,180.1015,180.6301,Bon
DOS_0776,1,127,9,10,40,59,67,61,19,61,78,61,85,83,96,28,28,28,61,61,28,28,27,61,28,61,27,61,28,27,26,27,,,,,,,,,,,,,,,,,,,,,,102,61,105,61,110,61,118,121,124,0,0,Rejete
DOS_0777,1,61,6,10,41,61,68,17,21,61,18,84,86,85,98,26,26,26,61,26,61,26,61,28,28,61,61,26,27,26,28,61,,,,,,,,,,,,,,,,,,,,,,102,102,61,61,61,61,117,122,123,0,0,Rejete
DOS_0778,1,61,9,10,61,59,61,16,61,24,78,84,86,85,98,61,61,26,26,28,27,26,28,26,28,26,26,61,26,26,61,28,,,,,,,,,,,,,,,,,,,,,,101,104,105,61,61,113,116,122,125,0,0,Rejete
DOS_0779,2,,,,,,,,,,,,,,98,,,,,,,,,,,,,,,,,,32,35,55,43,54,47,50,61,59,61,61,61,6,61,77,81,85,61,91,92,61,61,104,61,61,110,115,119,120,61,156.3136,156.615,Moyen
DOS_0780,2,,,,,,,,,,,,,,61,,,,,,,,,,,,,,,,,,31,36,39,41,44,47,50,61,58,61,61,45,20,76,78,81,61,89,91,92,94,100,61,61,107,111,61,117,61,125,164.6774,165.6243,Bon
DOS_0781,1,61,1,10,61,61,67,61,6,61,79,84,83,86,61,28,27,61,61,28,61,61,27,61,28,26,61,28,28,28,61,27,,,,,,,,,,,,,,,,,,,,,,61,35,105,107,61,61,117,61,124,0,0,Rejete
DOS_0782,1,61,61,61,40,61,67,17,20,24,77,86,84,86,97,27,61,28,28,27,28,61,27,26,61,28,26,61,27,28,26,28,,,,,,,,,,,,,,,,,,,,,,100,102,61,107,110,112,117,120,123,0,0,Rejete
DOS_0783,1,129,6,11,57,61,68,17,22,61,78,86,84,84,97,28,61,27,27,61,27,27,27,27,28,27,26,26,27,27,61,61,,,,,,,,,,,,,,,,,,,,,,101,104,105,61,110,113,119,121,124,0,0,Rejete
DOS_0784,2,,,,,,,,,,,,,,96,,,,,,,,,,,,,,,,,,29,61,61,43,52,47,61,41,58,62,61,61,6,73,79,82,84,89,61,94,94,102,35,105,107,111,115,116,120,125,182.7557,180.2122,Bon
DOS_0785,1,61,9,61,61,60,14,16,21,24,61,61,84,86,61,26,28,27,27,61,27,61,28,27,28,27,27,26,27,61,61,61,,,,,,,,,,,,,,,,,,,,,,100,102,61,61,110,114,119,120,61,0,0,Rejete
DOS_0786,2,,,,,,,,,,,,,,99,,,,,,,,,,,,,,,,,,61,36,55,61,52,46,51,41,61,61,67,52,21,72,78,61,83,61,61,94,94,100,61,61,61,61,61,119,121,125,158.2805,161.0707,Moyen
DOS_0787,1,130,61,11,40,61,14,61,20,24,17,83,85,85,98,61,28,27,61,27,28,28,28,26,27,28,28,28,61,28,61,61,,,,,,,,,,,,,,,,,,,,,,101,61,105,107,61,113,117,122,124,0,0,Rejete
DOS_0788,1,126,8,10,57,57,68,61,61,61,17,84,84,84,61,27,26,61,61,26,26,26,27,28,61,61,26,61,27,27,61,28,,,,,,,,,,,,,,,,,,,,,,101,35,61,61,111,115,117,121,61,0,0,Rejete
DOS_0789,2,,,,,,,,,,,,,,98,,,,,,,,,,,,,,,,,,33,36,61,42,54,48,54,56,60,64,68,70,61,61,61,80,85,61,90,61,94,102,35,105,107,111,112,118,122,61,105.9666,119.8705,Risque
DOS_0790,2,,,,,,,,,,,,,,95,,,,,,,,,,,,,,,,,,32,36,61,40,54,49,54,55,61,67,68,61,21,61,78,80,61,88,91,94,94,102,103,105,61,61,61,61,121,125,189.3163,188.1512,Bon
DOS_0791,2,,,,,,,,,,,,,,95,,,,,,,,,,,,,,,,,,31,61,39,43,44,49,51,56,58,62,67,70,21,76,78,81,83,89,91,92,93,100,103,61,107,111,112,117,121,61,189.3307,194.5716,Bon
DOS_0792,1,128,6,61,41,57,14,16,22,24,61,84,84,83,97,61,28,28,61,26,26,26,28,26,28,27,27,27,28,27,61,61,,,,,,,,,,,,,,,,,,,,,,61,102,105,61,109,115,116,121,123,0,0,Rejete
DOS_0793,1,127,9,61,57,61,67,61,19,23,77,83,85,61,98,26,28,26,27,61,28,26,28,26,26,27,61,61,26,61,61,27,,,,,,,,,,,,,,,,,,,,,,100,103,61,107,111,112,61,61,61,0,0,Rejete
DOS_0794,1,130,61,10,61,59,68,18,20,23,18,84,84,83,98,26,27,61,26,61,61,28,28,61,27,61,28,26,61,61,26,27,,,,,,,,,,,,,,,,,,,,,,101,61,106,107,110,61,118,121,123,0,0,Rejete
DOS_0795,2,,,,,,,,,,,,,,61,,,,,,,,,,,,,,,,,,61,36,61,57,61,47,50,6,60,67,67,61,19,72,61,81,84,88,90,92,61,102,35,105,107,110,61,61,122,125,210.5029,207.7685,Excellent
DOS_0796,1,61,7,11,40,59,61,16,61,23,79,83,85,84,97,26,27,61,26,26,61,28,61,26,28,28,61,26,26,61,26,61,,,,,,,,,,,,,,,,,,,,,,101,35,61,107,61,114,118,61,123,0,0,Rejete
DOS_0797,2,,,,,,,,,,,,,,98,,,,,,,,,,,,,,,,,,33,37,7,41,54,48,50,6,59,64,68,71,6,76,17,80,84,89,90,94,94,100,61,105,107,111,115,118,121,123,107.0008,122.9357,Risque
DOS_0798,1,61,6,10,41,59,67,61,22,24,78,85,86,61,97,61,27,61,61,26,26,61,61,61,61,26,27,28,27,28,61,61,,,,,,,,,,,,,,,,,,,,,,101,61,61,61,110,112,119,121,123,0,0,Rejete
DOS_0799,2,,,,,,,,,,,,,,98,,,,,,,,,,,,,,,,,,61,38,42,61,44,46,53,56,60,64,67,45,61,73,77,82,85,88,91,61,93,61,103,61,107,110,113,117,61,123,186.3039,181.5612,Bon
DOS_0800,1,130,6,10,12,59,15,16,61,23,77,61,85,85,61,27,28,27,27,27,27,26,26,27,28,28,27,26,28,26,28,61,,,,,,,,,,,,,,,,,,,,,,101,35,105,107,110,113,116,122,123,0,0,Rejete
DOS_0801,2,,,,,,,,,,,,,,99,,,,,,,,,,,,,,,,,,30,37,61,40,61,49,53,61,57,62,67,71,6,76,61,80,61,61,90,94,94,101,104,105,61,109,112,116,121,61,197.4719,194.6558,Bon
DOS_0802,1,129,9,11,13,59,14,17,6,61,79,85,85,85,98,28,27,28,26,26,61,27,28,26,27,28,28,28,27,27,61,28,,,,,,,,,,,,,,,,,,,,,,61,102,61,61,110,115,117,120,124,0,0,Rejete
DOS_0803,1,129,7,61,40,59,61,61,21,23,18,61,84,83,95,27,26,26,61,28,26,28,28,27,26,26,26,61,26,28,28,61,,,,,,,,,,,,,,,,,,,,,,61,104,61,107,110,61,118,121,124,0,0,Rejete
DOS_0804,2,,,,,,,,,,,,,,98,,,,,,,,,,,,,,,,,,31,37,61,42,52,48,51,41,61,62,61,71,20,76,78,80,83,88,61,94,94,100,61,105,61,61,112,116,121,125,179.0954,179.0248,Bon
DOS_0805,2,,,,,,,,,,,,,,98,,,,,,,,,,,,,,,,,,61,61,61,41,54,49,61,55,61,63,68,52,6,73,78,80,83,88,90,92,94,100,102,105,107,111,113,117,121,125,190.3336,186.7574,Bon
DOS_0806,1,126,8,61,57,58,61,17,21,23,78,86,85,86,98,61,61,27,27,27,26,27,61,27,26,27,61,27,61,28,61,28,,,,,,,,,,,,,,,,,,,,,,102,61,61,61,109,115,119,61,123,0,0,Rejete
DOS_0807,2,,,,,,,,,,,,,,98,,,,,,,,,,,,,,,,,,30,36,55,41,61,48,61,61,58,64,68,61,21,73,18,81,84,89,61,61,93,61,61,105,61,110,114,118,122,123,181.575,179.5531,Bon
DOS_0808,2,,,,,,,,,,,,,,95,,,,,,,,,,,,,,,,,,32,37,55,40,52,47,50,55,60,61,67,71,21,61,79,80,61,89,91,61,93,61,103,105,107,109,115,118,122,125,185.5948,188.4222,Bon
DOS_0809,2,,,,,,,,,,,,,,99,,,,,,,,,,,,,,,,,,30,35,39,42,45,49,52,61,60,65,61,71,19,73,77,61,83,89,90,61,93,61,103,61,61,109,114,61,120,125,205.4094,205.0173,Excellent
DOS_0810,2,,,,,,,,,,,,,,61,,,,,,,,,,,,,,,,,,30,36,43,43,44,49,53,55,57,65,68,70,20,61,17,82,84,87,91,61,93,102,35,105,107,61,115,61,120,123,192.8719,192.8713,Bon
DOS_0811,1,129,9,11,61,61,67,61,22,24,79,86,84,83,99,27,27,61,27,61,28,27,27,28,61,61,27,28,28,61,26,61,,,,,,,,,,,,,,,,,,,,,,100,104,105,61,61,113,119,122,123,0,0,Rejete
DOS_0812,1,129,8,11,12,57,61,61,61,24,17,86,61,85,99,26,28,61,27,28,61,61,61,28,27,27,61,28,28,61,26,27,,,,,,,,,,,,,,,,,,,,,,100,35,61,107,110,112,61,122,61,0,0,Rejete
DOS_0813,1,129,9,61,12,61,14,18,22,61,18,86,85,85,61,26,28,27,61,61,27,26,28,61,28,27,28,28,26,27,61,28,,,,,,,,,,,,,,,,,,,,,,102,104,61,61,111,113,118,61,124,0,0,Rejete
DOS_0814,1,126,6,61,57,61,67,18,20,24,79,85,83,86,97,26,28,26,28,26,61,27,61,28,26,28,26,26,27,61,28,61,,,,,,,,,,,,,,,,,,,,,,102,103,61,107,61,61,116,120,61,0,0,Rejete
DOS_0815,1,127,9,11,12,59,68,18,22,23,79,61,84,83,99,26,26,27,61,61,26,61,27,28,26,61,28,28,61,61,61,27,,,,,,,,,,,,,,,,,,,,,,102,102,61,107,61,112,118,121,123,0,0,Rejete
DOS_0816,2,,,,,,,,,,,,,,61,,,,,,,,,,,,,,,,,,29,38,55,41,52,47,52,6,60,63,61,52,22,72,17,80,86,89,91,94,93,102,104,105,107,61,115,61,120,61,203.6037,194.8435,Excellent
DOS_0817,2,,,,,,,,,,,,,,95,,,,,,,,,,,,,,,,,,61,35,39,43,45,47,61,6,61,61,68,45,61,61,17,61,86,87,91,61,61,100,103,105,61,110,115,61,120,61,168.42,170.5005,Bon
DOS_0818,2,,,,,,,,,,,,,,98,,,,,,,,,,,,,,,,,,32,37,55,57,53,48,50,6,61,62,67,70,6,74,78,61,83,89,91,61,93,100,102,61,61,110,114,118,121,61,197.329,195.7956,Bon
DOS_0819,1,1,61,61,40,58,14,17,21,24,18,84,83,86,99,28,27,61,26,26,28,27,61,26,27,61,61,27,27,26,27,28,,,,,,,,,,,,,,,,,,,,,,61,104,105,61,111,112,117,121,61,0,0,Rejete
DOS_0820,2,,,,,,,,,,,,,,99,,,,,,,,,,,,,,,,,,31,35,39,57,53,61,61,61,59,62,69,61,21,73,18,80,84,88,90,61,61,100,104,105,61,111,112,118,121,123,157.6124,145.4568,Moyen
DOS_0821,2,,,,,,,,,,,,,,61,,,,,,,,,,,,,,,,,,29,37,43,57,61,46,54,41,59,64,67,61,6,61,17,82,61,87,91,92,93,100,104,61,61,111,114,117,121,61,205.7739,200.838,Excellent
DOS_0822,1,127,9,10,13,61,67,17,21,24,79,83,61,86,61,61,61,26,28,26,28,28,27,28,26,27,28,28,61,28,26,28,,,,,,,,,,,,,,,,,,,,,,102,35,61,61,109,112,61,121,125,0,0,Rejete
DOS_0823,1,129,9,11,41,59,61,61,22,24,77,85,85,61,61,26,27,27,61,27,28,27,28,26,26,61,26,28,28,28,28,28,,,,,,,,,,,,,,,,,,,,,,101,104,105,107,61,115,119,120,125,0,0,Rejete
DOS_0824,2,,,,,,,,,,,,,,96,,,,,,,,,,,,,,,,,,32,37,61,57,53,49,51,41,60,67,68,71,22,74,79,61,84,88,91,92,94,102,102,61,107,109,114,116,61,61,220.7745,213.628,Excellent
DOS_0825,2,,,,,,,,,,,,,,97,,,,,,,,,,,,,,,,,,31,35,61,61,45,48,50,6,59,63,68,70,22,73,18,81,86,61,91,61,93,100,35,61,107,61,113,118,120,125,180.0462,182.9028,Bon
DOS_0826,2,,,,,,,,,,,,,,98,,,,,,,,,,,,,,,,,,29,35,43,42,61,46,52,41,57,67,61,71,6,73,17,61,84,87,61,61,61,100,102,61,61,61,112,61,61,123,176.8739,175.6829,Bon
DOS_0827,2,,,,,,,,,,,,,,61,,,,,,,,,,,,,,,,,,33,61,7,61,61,46,50,55,61,62,68,70,19,72,79,81,86,88,91,61,93,102,104,105,61,110,113,61,120,124,113.6453,133.5532,Risque
DOS_0828,2,,,,,,,,,,,,,,99,,,,,,,,,,,,,,,,,,33,38,43,40,61,46,54,61,59,64,61,70,20,61,18,82,84,89,90,61,94,101,61,61,61,110,61,116,61,61,114.6681,127.9073,Risque
DOS_0829,1,129,7,11,12,60,14,61,6,23,61,61,61,84,96,61,26,28,28,61,27,28,28,28,61,61,28,27,27,28,26,61,,,,,,,,,,,,,,,,,,,,,,101,103,61,61,61,114,118,121,61,0,0,Rejete
DOS_0830,1,126,61,11,41,60,68,17,20,61,17,61,86,84,97,61,27,27,61,28,26,61,27,27,61,61,28,28,61,27,26,28,,,,,,,,,,,,,,,,,,,,,,61,102,105,107,110,114,119,120,123,0,0,Rejete
DOS_0831,1,128,6,61,12,61,68,61,22,61,61,61,85,84,97,61,26,28,61,26,28,61,28,28,27,26,26,28,27,26,61,28,,,,,,,,,,,,,,,,,,,,,,102,102,105,61,61,114,118,122,124,0,0,Rejete
DOS_0832,2,,,,,,,,,,,,,,61,,,,,,,,,,,,,,,,,,30,35,39,41,44,61,50,61,59,65,61,45,61,74,17,81,86,61,91,61,94,102,35,105,61,110,61,61,121,124,172.6801,170.4541,Bon
DOS_0833,2,,,,,,,,,,,,,,98,,,,,,,,,,,,,,,,,,31,36,39,40,54,46,50,6,61,65,68,70,22,61,77,82,83,89,90,94,94,100,61,61,61,61,61,61,120,124,176.1153,176.5518,Bon
DOS_0834,2,,,,,,,,,,,,,,97,,,,,,,,,,,,,,,,,,29,37,39,41,54,47,50,56,60,67,67,52,19,75,79,82,86,87,91,94,93,100,102,61,107,61,114,117,121,124,221.83,219.3606,Excellent
DOS_0835,1,129,7,10,12,59,61,61,21,24,79,86,85,85,95,61,27,26,27,61,61,26,61,28,26,26,26,28,61,61,26,27,,,,,,,,,,,,,,,,,,,,,,61,102,105,107,109,113,118,121,124,0,0,Rejete
DOS_0836,1,126,7,61,13,60,68,16,6,23,61,61,85,61,95,28,61,26,61,28,27,27,61,27,26,27,28,27,61,28,61,28,,,,,,,,,,,,,,,,,,,,,,100,102,105,107,110,114,118,121,123,0,0,Rejete
DOS_0837,2,,,,,,,,,,,,,,61,,,,,,,,,,,,,,,,,,61,35,43,57,45,46,52,55,59,62,68,70,61,73,17,81,85,61,61,94,94,100,104,105,107,61,113,116,122,124,180.7503,179.2305,Bon
DOS_0838,2,,,,,,,,,,,,,,98,,,,,,,,,,,,,,,,,,34,35,42,41,45,49,53,55,60,63,61,52,6,61,17,61,61,89,91,61,94,101,35,106,107,110,112,119,120,61,116.9335,111.436,Risque
DOS_0839,1,130,8,61,13,57,68,61,20,61,61,86,85,86,98,28,26,61,28,28,28,27,28,27,28,61,26,61,61,28,26,28,,,,,,,,,,,,,,,,,,,,,,101,35,61,107,109,61,117,61,125,0,0,Rejete
DOS_0840,1,1,8,11,57,57,61,16,6,23,61,86,83,61,96,26,26,61,26,26,27,27,28,27,26,28,61,61,61,61,26,61,,,,,,,,,,,,,,,,,,,,,,101,102,61,107,109,61,117,61,125,0,0,Rejete
DOS_0841,2,,,,,,,,,,,,,,98,,,,,,,,,,,,,,,,,,32,61,39,57,44,61,52,6,60,63,61,45,6,73,17,82,85,61,90,61,61,61,104,106,61,109,112,117,61,125,158.0649,143.538,Moyen
DOS_0842,2,,,,,,,,,,,,,,98,,,,,,,,,,,,,,,,,,31,35,55,42,52,46,53,6,60,61,61,71,21,76,78,61,84,89,61,61,93,102,61,105,107,111,115,61,122,125,192.1062,189.9391,Bon
DOS_0843,1,130,7,10,41,57,67,16,20,24,78,61,61,84,97,26,27,26,27,61,27,26,28,27,61,28,27,27,28,28,27,27,,,,,,,,,,,,,,,,,,,,,,101,35,105,61,109,61,119,120,125,0,0,Rejete
DOS_0844,1,128,6,11,12,58,14,17,19,24,17,84,83,86,61,26,27,28,61,28,26,28,28,61,61,26,61,28,27,26,27,27,,,,,,,,,,,,,,,,,,,,,,100,35,61,107,110,113,61,122,61,0,0,Rejete
DOS_0845,1,128,7,10,61,59,14,61,6,23,61,86,85,86,97,27,26,61,61,61,26,28,28,28,27,28,28,26,26,26,26,28,,,,,,,,,,,,,,,,,,,,,,102,102,105,61,110,61,118,120,125,0,0,Rejete
DOS_0846,2,,,,,,,,,,,,,,96,,,,,,,,,,,,,,,,,,31,61,39,41,52,61,51,55,61,62,61,61,20,74,78,81,61,87,90,92,93,100,35,61,107,111,61,118,122,61,177.4919,181.6805,Bon
DOS_0847,1,126,6,11,61,58,68,18,19,23,18,61,84,84,99,61,26,61,27,28,27,28,27,28,28,61,26,26,61,26,27,61,,,,,,,,,,,,,,,,,,,,,,101,102,61,61,110,114,119,120,125,0,0,Rejete
DOS_0848,2,,,,,,,,,,,,,,96,,,,,,,,,,,,,,,,,,32,61,7,57,53,47,52,41,57,67,68,45,22,76,18,61,61,89,91,92,61,100,104,105,107,111,114,116,121,124,195.4689,197.987,Bon
DOS_0849,1,126,9,61,57,59,61,18,6,23,79,61,84,84,98,26,28,27,28,26,28,26,27,27,28,61,27,26,28,27,61,27,,,,,,,,,,,,,,,,,,,,,,102,102,61,107,109,113,118,61,123,0,0,Rejete
DOS_0850,2,,,,,,,,,,,,,,96,,,,,,,,,,,,,,,,,,61,35,55,42,52,46,51,55,60,61,68,52,6,72,17,61,83,61,91,94,93,102,104,61,61,61,114,61,120,125,190.8089,190.86,Bon
DOS_0851,2,,,,,,,,,,,,,,97,,,,,,,,,,,,,,,,,,29,35,55,40,44,61,52,41,59,65,61,45,61,73,17,61,86,87,61,92,93,101,35,105,107,111,113,119,121,123,181.6135,182.1022,Bon
DOS_0852,1,128,61,11,12,60,61,61,61,61,78,61,86,86,99,61,28,27,28,26,26,27,61,26,28,26,26,61,27,28,61,27,,,,,,,,,,,,,,,,,,,,,,100,102,61,107,61,114,116,120,123,0,0,Rejete
DOS_0853,1,128,7,11,61,58,14,17,61,23,17,84,86,84,96,61,26,61,26,28,27,27,28,27,26,28,27,26,26,61,27,61,,,,,,,,,,,,,,,,,,,,,,101,61,61,107,109,61,61,120,61,0,0,Rejete
DOS_0854,1,61,7,11,57,60,61,61,20,24,78,83,84,61,96,28,26,28,28,28,28,27,28,28,28,26,27,27,26,28,26,27,,,,,,,,,,,,,,,,,,,,,,61,35,105,61,61,115,117,61,125,194.1461,194.1461,Bon
DOS_0855,2,,,,,,,,,,,,,,99,,,,,,,,,,,,,,,,,,61,37,55,61,61,46,50,61,59,63,67,70,61,72,77,61,84,88,90,94,61,61,102,105,61,109,113,119,121,61,185.908,184.0546,Bon
DOS_0856,2,,,,,,,,,,,,,,98,,,,,,,,,,,,,,,,,,32,35,61,40,61,47,51,61,61,63,61,70,20,72,18,61,86,88,91,92,94,100,103,105,107,110,114,61,120,123,155.9429,157.0731,Moyen
DOS_0857,2,,,,,,,,,,,,,,95,,,,,,,,,,,,,,,,,,29,35,43,43,53,47,51,55,61,67,68,70,6,74,61,80,83,88,91,92,61,61,104,105,108,109,112,117,122,123,167.8022,159.0814,Bon
DOS_0858,1,128,7,11,61,60,61,16,19,23,61,85,86,85,61,28,27,26,26,61,28,26,27,28,61,26,26,26,28,26,27,28,,,,,,,,,,,,,,,,,,,,,,61,61,105,107,110,114,117,120,124,0,0,Rejete
DOS_0859,1,129,8,10,61,58,67,61,22,24,18,86,86,85,96,61,61,26,27,27,26,27,61,27,26,28,61,27,26,28,28,28,,,,,,,,,,,,,,,,,,,,,,61,103,61,61,61,115,119,61,124,0,0,Rejete
DOS_0860,1,129,7,61,61,59,67,18,20,61,61,61,85,61,96,28,27,61,27,26,28,28,61,27,27,27,61,26,28,28,26,27,,,,,,,,,,,,,,,,,,,,,,61,103,105,61,109,115,118,120,123,0,0,Rejete
DOS_0861,1,129,1,61,12,58,14,18,61,24,17,86,61,61,95,27,27,26,26,26,61,27,27,28,26,28,61,26,26,27,28,61,,,,,,,,,,,,,,,,,,,,,,100,104,61,61,111,114,116,122,61,0,0,Rejete
DOS_0862,1,130,9,10,57,60,68,61,22,23,77,61,61,86,99,26,26,61,61,26,27,27,28,26,28,28,27,26,61,27,27,28,,,,,,,,,,,,,,,,,,,,,,102,61,105,61,111,112,118,122,123,0,0,Rejete
DOS_0863,2,,,,,,,,,,,,,,96,,,,,,,,,,,,,,,,,,33,61,42,61,52,61,61,55,59,64,61,61,6,76,17,61,85,61,90,94,61,101,35,105,107,111,61,117,120,123,101.4019,119.2793,Risque
DOS_0864,1,128,8,10,41,59,61,17,19,23,17,84,84,85,61,26,28,27,61,27,28,26,61,27,27,26,26,28,28,26,26,27,,,,,,,,,,,,,,,,,,,,,,102,102,105,61,111,115,118,122,61,0,0,Rejete
DOS_0865,2,,,,,,,,,,,,,,61,,,,,,,,,,,,,,,,,,34,38,55,40,61,49,61,61,57,61,68,52,61,74,17,81,83,87,91,92,94,101,35,105,61,111,114,119,122,125,156.6534,163.0644,Moyen
DOS_0866,1,126,9,11,40,61,67,16,21,61,79,84,84,85,61,26,27,28,27,26,28,26,28,28,26,61,26,61,27,28,28,28,,,,,,,,,,,,,,,,,,,,,,61,104,61,61,111,113,117,121,124,0,0,Rejete
DOS_0867,2,,,,,,,,,,,,,,97,,,,,,,,,,,,,,,,,,31,38,42,42,53,48,52,56,61,67,61,61,20,75,77,81,85,88,91,94,61,61,104,61,107,61,115,118,121,125,196.965,193.781,Bon
DOS_0868,2,,,,,,,,,,,,,,99,,,,,,,,,,,,,,,,,,33,35,39,57,44,48,50,6,59,64,61,52,20,61,61,61,61,88,91,92,61,101,104,61,61,111,112,119,122,123,98.3312,112.0083,Risque
DOS_0869,1,129,8,10,41,61,14,16,20,61,17,85,61,86,61,28,28,61,26,27,61,27,28,28,27,61,26,27,27,27,28,27,,,,,,,,,,,,,,,,,,,,,,100,103,61,107,61,115,61,121,125,0,0,Rejete
DOS_0870,1,129,8,11,12,60,14,16,61,24,77,61,86,84,99,28,26,27,27,27,26,61,28,28,28,27,27,61,61,61,61,27,,,,,,,,,,,,,,,,,,,,,,100,102,61,61,111,112,117,61,123,0,0,Rejete
DOS_0871,1,61,8,61,12,60,14,61,19,23,18,86,84,83,98,28,61,61,28,27,61,26,28,61,27,26,26,28,27,26,27,28,,,,,,,,,,,,,,,,,,,,,,101,103,105,107,110,112,119,121,124,0,0,Rejete
DOS_0872,1,130,7,11,13,60,68,18,21,23,61,86,85,61,95,26,26,26,61,27,27,26,61,61,26,27,26,28,28,27,27,61,,,,,,,,,,,,,,,,,,,,,,101,103,105,107,111,112,117,61,124,0,0,Rejete
DOS_0873,2,,,,,,,,,,,,,,98,,,,,,,,,,,,,,,,,,29,36,39,40,44,48,54,61,57,62,69,71,19,76,77,61,84,89,90,92,94,61,104,61,107,109,114,116,120,123,169.7099,156.0443,Bon
DOS_0874,2,,,,,,,,,,,,,,96,,,,,,,,,,,,,,,,,,61,37,43,61,53,48,52,61,61,64,67,71,22,76,77,81,61,61,91,92,61,102,35,105,107,61,115,117,120,125,199.0083,195.0219,Bon
DOS_0875,1,127,9,61,41,60,14,16,6,23,79,86,85,83,96,28,28,61,28,26,26,26,28,61,27,61,28,26,61,27,61,28,,,,,,,,,,,,,,,,,,,,,,100,104,61,61,111,115,119,122,61,0,0,Rejete
DOS_0876,1,126,9,61,40,59,61,16,6,23,77,86,61,84,99,61,28,61,27,61,27,26,27,27,61,27,28,61,26,27,28,28,,,,,,,,,,,,,,,,,,,,,,100,102,105,61,61,114,116,122,125,0,0,Rejete
DOS_0877,2,,,,,,,,,,,,,,95,,,,,,,,,,,,,,,,,,30,36,55,57,54,48,53,61,57,64,67,61,6,61,18,61,86,87,61,92,94,102,61,105,107,111,61,117,120,124,195.3431,190.9813,Bon
DOS_0878,2,,,,,,,,,,,,,,98,,,,,,,,,,,,,,,,,,61,38,7,61,45,47,54,61,61,67,67,71,19,72,78,61,84,88,91,92,61,102,102,61,61,111,112,118,120,125,214.5337,210.1306,Excellent
DOS_0879,1,129,9,10,12,60,61,18,61,24,77,61,86,86,61,61,28,26,28,27,61,28,61,26,28,26,61,27,61,27,28,27,,,,,,,,,,,,,,,,,,,,,,61,35,61,107,109,114,118,61,124,0,0,Rejete
DOS_0880,1,127,61,61,13,59,68,18,61,61,18,85,86,86,61,28,26,61,61,61,26,28,61,27,26,26,61,28,28,61,61,61,,,,,,,,,,,,,,,,,,,,,,101,35,105,108,111,61,118,122,123,0,0,Rejete
DOS_0881,2,,,,,,,,,,,,,,97,,,,,,,,,,,,,,,,,,32,37,42,61,53,49,53,56,57,62,68,70,21,73,18,82,61,61,61,92,94,61,102,105,108,61,112,118,61,124,169.0313,156.4142,Bon
DOS_0882,1,127,1,61,61,60,68,16,61,61,78,86,84,85,97,26,27,27,26,28,27,26,61,27,27,27,26,26,26,26,28,28,,,,,,,,,,,,,,,,,,,,,,102,35,105,61,111,112,119,122,61,0,0,Rejete
DOS_0883,1,128,6,11,41,59,61,61,6,24,77,85,83,86,98,26,27,28,28,61,61,61,27,27,28,61,28,26,61,27,28,28,,,,,,,,,,,,,,,,,,,,,,101,104,61,107,111,61,117,120,61,0,0,Rejete
DOS_0884,2,,,,,,,,,,,,,,96,,,,,,,,,,,,,,,,,,33,61,61,43,44,49,51,56,59,64,61,61,21,73,78,80,86,88,91,94,93,61,61,61,107,111,115,61,120,123,96.2968,114.1276,Risque
DOS_0885,2,,,,,,,,,,,,,,99,,,,,,,,,,,,,,,,,,32,35,43,57,61,61,52,41,61,63,61,45,61,74,77,81,86,88,90,92,94,100,103,61,107,61,114,118,120,61,171.2054,169.6639,Bon
DOS_0886,1,127,9,10,13,58,67,61,21,23,17,61,61,85,97,26,27,28,28,27,28,26,28,26,27,27,27,26,61,26,27,27,,,,,,,,,,,,,,,,,,,,,,101,104,61,107,109,114,118,61,125,0,0,Rejete
DOS_0887,1,126,1,11,12,58,68,61,22,24,61,85,85,86,95,27,61,28,61,27,28,28,27,28,61,26,27,61,61,61,26,61,,,,,,,,,,,,,,,,,,,,,,100,61,61,107,110,115,118,122,123,0,0,Rejete
DOS_0888,1,130,8,61,41,57,14,61,20,61,17,61,61,61,61,61,61,27,27,26,27,26,27,26,27,61,28,27,28,28,61,27,,,,,,,,,,,,,,,,,,,,,,101,102,105,107,109,113,119,121,124,0,0,Rejete
DOS_0889,2,,,,,,,,,,,,,,99,,,,,,,,,,,,,,,,,,29,35,42,61,45,47,50,6,57,62,68,70,20,73,61,80,84,87,61,92,93,102,61,61,107,61,114,117,61,124,203.1461,200.6051,Excellent
DOS_0890,1,128,61,10,61,59,14,16,20,23,18,84,84,85,95,28,28,61,28,61,26,61,61,28,61,26,27,28,28,61,27,61,,,,,,,,,,,,,,,,,,,,,,61,61,105,107,109,112,119,122,61,0,0,Rejete
DOS_0891,1,61,6,61,41,59,68,16,21,23,79,61,86,85,61,61,26,26,27,27,61,28,61,61,28,28,27,26,26,27,27,27,,,,,,,,,,,,,,,,,,,,,,100,104,105,61,111,115,119,121,61,0,0,Rejete
DOS_0892,1,128,61,61,41,58,68,17,22,24,17,83,61,83,97,27,27,26,26,27,28,27,61,27,27,27,28,26,26,28,61,61,,,,,,,,,,,,,,,,,,,,,,101,102,61,61,109,61,119,120,61,0,0,Rejete
DOS_0893,1,129,61,11,40,60,61,16,22,61,79,84,85,85,95,61,28,27,61,26,28,27,61,27,28,26,28,28,27,28,61,28,,,,,,,,,,,,,,,,,,,,,,100,61,105,61,109,115,61,122,61,0,0,Rejete
DOS_0894,2,,,,,,,,,,,,,,98,,,,,,,,,,,,,,,,,,33,36,39,40,52,49,61,41,59,67,68,71,20,73,61,82,86,61,90,92,94,61,103,61,107,110,114,119,122,123,98.6033,117.9944,Risque
DOS_0895,2,,,,,,,,,,,,,,98,,,,,,,,,,,,,,,,,,33,35,42,43,53,47,54,61,61,63,67,61,21,72,79,82,84,89,91,92,93,61,61,105,61,61,115,116,121,124,98.9903,120.0748,Risque
DOS_0896,1,1,8,11,12,57,68,16,61,61,79,83,83,86,96,28,27,26,26,27,27,26,27,26,27,27,61,27,26,28,26,27,,,,,,,,,,,,,,,,,,,,,,61,61,105,61,109,113,117,120,123,0,0,Rejete
DOS_0897,1,127,61,61,12,57,68,18,19,61,78,83,83,83,95,61,28,27,27,28,28,27,27,61,26,28,26,28,28,61,28,27,,,,,,,,,,,,,,,,,,,,,,61,103,105,107,61,115,61,61,123,0,0,Rejete
DOS_0898,1,126,61,11,57,58,68,17,61,61,61,83,84,84,95,26,26,28,27,27,28,26,27,28,27,61,61,27,28,27,26,27,,,,,,,,,,,,,,,,,,,,,,101,102,105,61,109,114,61,120,123,0,0,Rejete
DOS_0899,1,129,9,10,13,60,67,17,19,24,78,84,85,83,96,61,28,27,61,61,27,26,27,28,26,61,28,27,26,28,26,27,,,,,,,,,,,,,,,,,,,,,,101,103,105,107,61,61,116,121,124,0,0,Rejete
DOS_0900,1,126,9,10,12,57,61,18,22,23,17,61,86,83,99,61,61,28,28,26,28,27,61,26,26,61,27,61,27,61,61,61,,,,,,,,,,,,,,,,,,,,,,102,104,61,61,61,115,119,61,124,0,0,Rejete
DOS_0901,1,126,61,10,40,57,61,16,20,24,79,83,85,83,99,61,28,26,26,61,28,61,61,26,61,26,61,28,28,61,61,61,,,,,,,,,,,,,,,,,,,,,,100,104,105,107,109,61,61,120,125,0,0,Rejete
DOS_0902,1,61,9,10,12,59,67,61,19,24,77,86,86,83,61,61,26,26,61,26,27,26,28,28,26,61,61,26,27,27,27,28,,,,,,,,,,,,,,,,,,,,,,100,104,105,107,61,115,119,121,124,0,0,Rejete
DOS_0903,2,,,,,,,,,,,,,,61,,,,,,,,,,,,,,,,,,30,37,42,43,45,49,53,41,58,65,68,52,21,61,79,81,61,88,90,61,61,102,103,61,107,61,115,117,122,61,197.4138,192.8615,Bon
DOS_0904,1,128,61,10,13,58,14,17,20,61,78,85,84,84,98,61,61,27,27,61,27,28,27,27,28,26,61,27,26,26,61,27,,,,,,,,,,,,,,,,,,,,,,61,102,61,61,110,114,119,61,61,0,0,Rejete
DOS_0905,1,128,8,10,41,59,68,17,6,61,78,86,83,85,61,28,26,28,27,28,28,27,27,61,28,28,28,28,28,61,28,27,,,,,,,,,,,,,,,,,,,,,,61,103,61,61,110,113,118,121,125,0,0,Rejete
DOS_0906,2,,,,,,,,,,,,,,98,,,,,,,,,,,,,,,,,,31,36,61,41,53,47,54,55,58,64,67,70,61,75,77,61,86,88,91,92,61,102,35,105,61,110,113,118,61,125,176.2952,175.0958,Bon
DOS_0907,2,,,,,,,,,,,,,,99,,,,,,,,,,,,,,,,,,29,35,42,41,44,48,52,55,60,64,61,52,21,74,61,80,83,88,91,94,61,101,104,105,107,110,112,61,122,124,190.1543,182.4463,Bon
DOS_0908,1,129,9,10,61,59,67,17,22,61,61,61,83,84,96,26,61,28,26,61,26,28,28,26,26,26,27,28,26,27,27,27,,,,,,,,,,,,,,,,,,,,,,100,35,105,61,61,115,118,61,61,0,0,Rejete
DOS_0909,1,126,6,10,13,58,67,17,21,61,61,86,61,86,96,28,27,26,26,26,28,26,28,27,28,61,26,61,27,61,27,61,,,,,,,,,,,,,,,,,,,,,,61,61,105,107,111,114,116,122,61,0,0,Rejete
DOS_0910,2,,,,,,,,,,,,,,97,,,,,,,,,,,,,,,,,,31,61,7,40,54,48,61,61,59,65,61,52,19,74,77,61,61,88,91,94,94,102,102,61,61,61,61,119,61,123,202.8947,194.0203,Excellent
DOS_0911,2,,,,,,,,,,,,,,99,,,,,,,,,,,,,,,,,,31,61,39,43,52,61,50,56,58,62,61,71,6,61,78,80,84,89,91,61,93,100,104,105,61,61,61,119,61,61,166.1616,168.0181,Bon
DOS_0912,1,127,7,61,41,58,67,16,20,24,77,61,84,85,97,28,27,28,27,61,61,28,28,61,28,28,61,27,61,28,28,61,,,,,,,,,,,,,,,,,,,,,,101,102,61,61,111,61,118,122,125,0,0,Rejete
DOS_0913,1,127,61,11,12,57,61,61,6,61,17,84,61,86,98,26,27,26,27,28,28,26,27,28,26,28,26,27,28,27,61,28,,,,,,,,,,,,,,,,,,,,,,61,61,61,107,111,114,117,122,125,0,0,Rejete
DOS_0914,1,61,7,61,40,58,61,16,61,23,18,84,83,86,61,61,26,26,61,61,27,61,27,61,28,27,27,26,28,26,26,28,,,,,,,,,,,,,,,,,,,,,,61,102,61,61,111,61,118,120,124,0,0,Rejete
DOS_0915,1,61,8,10,13,59,68,16,61,23,61,61,61,83,99,27,61,61,61,61,61,61,28,28,61,61,28,28,28,28,28,27,,,,,,,,,,,,,,,,,,,,,,102,104,61,61,110,113,119,120,123,0,0,Rejete
DOS_0916,1,130,9,61,41,57,14,17,20,23,18,83,84,85,98,28,28,26,61,26,27,61,28,27,61,26,61,61,28,26,28,27,,,,,,,,,,,,,,,,,,,,,,101,104,105,107,110,113,117,61,125,0,0,Rejete
DOS_0917,2,,,,,,,,,,,,,,98,,,,,,,,,,,,,,,,,,33,38,42,40,44,49,52,61,58,67,68,71,20,74,17,81,61,88,91,94,94,101,104,61,107,109,113,118,120,124,117.6799,134.9242,Risque
DOS_0918,1,130,7,61,61,59,67,18,61,61,61,85,86,85,97,26,26,28,26,28,27,28,61,61,61,28,28,28,61,26,26,28,,,,,,,,,,,,,,,,,,,,,,102,61,61,61,111,115,118,121,124,0,0,Rejete
DOS_0919,2,,,,,,,,,,,,,,96,,,,,,,,,,,,,,,,,,31,35,55,61,52,49,53,55,60,61,69,45,22,75,61,61,86,87,61,92,93,101,102,61,107,109,113,118,120,61,170.0038,155.8866,Bon
DOS_0920,2,,,,,,,,,,,,,,61,,,,,,,,,,,,,,,,,,34,61,43,40,61,46,53,56,59,61,67,52,6,75,78,80,86,61,61,61,94,102,102,61,107,111,114,116,120,125,185.0848,184.1933,Bon
DOS_0921,1,128,6,10,12,61,68,18,22,24,78,85,83,86,97,27,28,61,27,27,27,28,27,27,28,61,61,26,27,26,27,28,,,,,,,,,,,,,,,,,,,,,,61,61,105,61,109,61,118,61,123,0,0,Rejete
DOS_0922,2,,,,,,,,,,,,,,96,,,,,,,,,,,,,,,,,,61,37,43,61,53,61,53,61,60,62,67,71,61,72,77,61,84,89,61,61,94,102,61,61,107,110,61,117,120,61,203.1164,196.9204,Excellent
DOS_0923,1,127,6,61,61,60,61,18,20,24,61,86,83,86,97,26,61,27,28,61,61,27,28,61,61,28,61,28,27,28,26,26,,,,,,,,,,,,,,,,,,,,,,100,35,105,107,109,114,117,120,124,0,0,Rejete
DOS_0924,2,,,,,,,,,,,,,,61,,,,,,,,,,,,,,,,,,61,35,39,61,45,49,51,55,59,64,68,52,61,61,17,61,61,88,90,92,61,101,103,105,61,111,112,116,120,61,183.6173,182.1988,Bon
DOS_0925,2,,,,,,,,,,,,,,97,,,,,,,,,,,,,,,,,,61,38,39,61,44,61,52,41,57,65,67,71,22,75,78,61,86,88,61,92,94,100,35,105,107,110,61,118,121,124,163.2809,167.5657,Bon
DOS_0926,2,,,,,,,,,,,,,,99,,,,,,,,,,,,,,,,,,29,36,39,61,53,61,50,41,58,67,67,70,61,74,17,82,83,89,90,61,94,102,35,105,107,61,115,119,121,123,191.4958,191.1817,Bon
DOS_0927,1,129,8,61,12,59,68,17,61,61,79,85,83,85,95,61,28,26,27,61,26,61,28,61,28,27,27,27,61,26,28,61,,,,,,,,,,,,,,,,,,,,,,102,103,61,107,110,112,116,122,61,0,0,Rejete
DOS_0928,2,,,,,,,,,,,,,,96,,,,,,,,,,,,,,,,,,29,36,43,41,54,48,54,56,59,62,61,71,21,61,77,80,85,89,61,94,93,101,104,61,107,109,61,116,61,124,212.6603,206.2472,Excellent
DOS_0929,2,,,,,,,,,,,,,,96,,,,,,,,,,,,,,,,,,61,37,43,40,53,46,50,61,58,63,68,45,61,76,78,61,84,87,90,61,93,102,35,105,107,109,113,116,121,123,206.4536,204.4155,Excellent
DOS_0930,1,130,6,11,40,57,61,61,21,24,78,83,85,86,61,27,61,61,61,26,28,28,28,27,27,26,61,28,26,28,28,61,,,,,,,,,,,,,,,,,,,,,,61,103,61,61,109,112,61,121,61,0,0,Rejete
DOS_0931,2,,,,,,,,,,,,,,98,,,,,,,,,,,,,,,,,,30,35,7,43,54,49,54,55,59,64,68,71,6,72,61,82,85,87,90,94,94,100,103,105,107,109,61,116,61,123,164.2646,161.7584,Bon
DOS_0932,2,,,,,,,,,,,,,,96,,,,,,,,,,,,,,,,,,29,35,55,57,54,46,50,6,61,61,67,71,6,73,79,82,83,89,61,94,61,101,61,61,107,109,112,117,61,123,183.9699,182.2496,Bon
DOS_0933,1,126,8,61,13,59,14,18,6,24,61,85,83,84,96,26,27,27,27,61,61,61,28,26,61,27,28,26,27,28,26,61,,,,,,,,,,,,,,,,,,,,,,102,103,105,107,109,113,61,121,61,0,0,Rejete
DOS_0934,2,,,,,,,,,,,,,,96,,,,,,,,,,,,,,,,,,33,36,43,42,52,48,61,41,57,61,61,45,20,75,78,81,83,89,91,61,93,100,61,61,107,110,112,119,120,125,100.0791,121.2854,Risque
DOS_0935,1,126,61,11,57,60,68,61,19,23,18,85,83,85,98,26,27,61,26,61,61,61,27,27,28,61,27,61,28,28,61,28,,,,,,,,,,,,,,,,,,,,,,102,102,61,107,110,114,119,120,124,0,0,Rejete
DOS_0936,1,129,9,10,61,58,14,18,61,61,79,61,61,83,99,26,26,28,61,61,27,27,28,26,28,61,61,28,61,61,26,27,,,,,,,,,,,,,,,,,,,,,,102,104,105,61,110,113,119,61,125,0,0,Rejete
DOS_0937,2,,,,,,,,,,,,,,97,,,,,,,,,,,,,,,,,,33,35,43,43,45,61,61,41,58,63,68,45,20,61,77,61,84,88,90,94,94,100,61,61,107,111,113,117,122,124,92.7736,113.6321,Risque
DOS_0938,1,128,9,61,12,58,14,16,61,61,17,61,86,84,98,28,61,61,27,27,61,26,61,28,28,61,61,27,61,26,27,61,,,,,,,,,,,,,,,,,,,,,,101,102,105,107,61,115,116,122,61,0,0,Rejete
DOS_0939,1,128,8,61,40,57,14,18,61,23,79,85,83,61,96,27,26,28,26,26,27,28,27,27,27,27,61,61,27,28,28,27,,,,,,,,,,,,,,,,,,,,,,101,61,61,107,111,114,118,120,125,0,0,Rejete
DOS_0940,1,130,9,11,57,61,14,61,19,61,78,86,85,84,95,26,27,27,26,27,28,61,61,28,61,61,27,61,27,26,61,27,,,,,,,,,,,,,,,,,,,,,,61,61,105,107,110,61,118,121,61,0,0,Rejete
DOS_0941,2,,,,,,,,,,,,,,99,,,,,,,,,,,,,,,,,,29,35,42,40,61,49,51,61,58,63,61,71,21,76,18,61,84,87,90,92,94,100,103,61,107,109,113,118,120,123,194.4988,192.5179,Bon
DOS_0942,1,127,8,61,41,59,61,16,20,23,79,61,85,61,99,61,61,26,26,27,61,26,61,26,26,61,28,28,27,26,61,27,,,,,,,,,,,,,,,,,,,,,,102,104,105,61,111,112,116,122,123,0,0,Rejete
DOS_0943,2,,,,,,,,,,,,,,98,,,,,,,,,,,,,,,,,,29,38,42,61,53,61,54,56,58,62,68,52,20,76,79,82,83,61,90,92,93,102,102,105,61,110,114,118,120,61,241.6118,232.8779,Excellent
DOS_0944,1,1,7,11,61,60,68,61,19,24,18,85,85,83,61,27,27,26,27,26,28,27,61,28,27,26,61,61,26,26,27,28,,,,,,,,,,,,,,,,,,,,,,100,102,61,107,111,61,118,120,124,0,0,Rejete
DOS_0945,1,128,6,61,40,61,68,61,21,23,61,86,84,84,61,26,27,61,61,28,28,27,61,28,27,28,26,27,27,26,61,27,,,,,,,,,,,,,,,,,,,,,,101,104,61,107,110,114,61,120,125,0,0,Rejete
DOS_0946,1,127,61,61,57,59,14,17,6,23,77,86,84,83,95,28,28,28,61,27,26,26,28,28,26,26,27,28,28,61,28,61,,,,,,,,,,,,,,,,,,,,,,102,35,61,61,109,113,119,61,123,0,0,Rejete
DOS_0947,1,129,6,11,41,60,67,17,21,24,77,83,61,83,96,27,27,28,27,28,26,28,27,28,26,61,26,27,61,28,61,28,,,,,,,,,,,,,,,,,,,,,,61,102,61,61,109,112,61,120,61,0,0,Rejete
DOS_0948,1,129,61,10,40,58,67,61,20,24,17,61,61,84,97,28,27,28,27,61,26,28,61,61,27,28,26,26,26,28,61,28,,,,,,,,,,,,,,,,,,,,,,100,102,105,107,61,114,117,120,123,0,0,Rejete
DOS_0949,1,61,6,11,57,61,14,61,22,24,79,86,83,83,99,28,61,27,61,26,26,26,27,61,28,61,28,27,26,61,27,61,,,,,,,,,,,,,,,,,,,,,,102,61,61,107,61,113,61,120,125,0,0,Rejete
DOS_0950,1,129,7,61,61,61,68,18,21,23,18,86,61,86,97,61,28,61,27,26,27,26,28,28,27,28,26,61,26,28,26,28,,,,,,,,,,,,,,,,,,,,,,61,61,61,107,109,61,118,122,123,0,0,Rejete
DOS_0951,2,,,,,,,,,,,,,,97,,,,,,,,,,,,,,,,,,31,37,39,42,61,47,50,56,60,67,67,71,6,74,77,82,83,87,61,61,94,101,102,61,61,109,114,116,122,123,203.2231,200.4002,Excellent
DOS_0952,1,126,6,11,57,60,14,17,61,24,17,61,86,61,99,61,27,61,61,28,28,61,28,61,27,61,26,26,28,27,27,61,,,,,,,,,,,,,,,,,,,,,,61,61,61,107,61,114,118,120,125,0,0,Rejete
DOS_0953,2,,,,,,,,,,,,,,96,,,,,,,,,,,,,,,,,,61,38,42,57,54,48,51,6,60,62,67,45,21,72,17,61,86,89,90,94,93,100,35,105,61,109,115,119,120,61,200.5054,196.7948,Excellent
DOS_0954,2,,,,,,,,,,,,,,95,,,,,,,,,,,,,,,,,,61,38,55,42,53,47,61,56,59,62,61,45,22,61,78,61,86,87,90,61,93,100,102,61,107,61,113,117,122,125,193.7494,191.4251,Bon
DOS_0955,1,127,9,61,41,60,61,17,6,23,61,83,86,83,99,27,61,26,27,28,26,61,27,27,26,61,61,61,61,61,28,27,,,,,,,,,,,,,,,,,,,,,,61,104,61,61,109,115,61,121,125,0,0,Rejete
DOS_0956,1,127,7,61,12,59,61,16,6,61,18,83,85,86,99,27,61,61,61,28,28,28,27,61,26,28,26,26,61,26,28,28,,,,,,,,,,,,,,,,,,,,,,102,103,105,61,111,113,61,120,124,0,0,Rejete
DOS_0957,1,127,9,10,13,60,14,17,61,61,79,86,61,84,61,61,26,26,61,27,28,28,27,61,61,28,26,27,61,28,28,27,,,,,,,,,,,,,,,,,,,,,,61,61,61,107,61,114,61,122,124,0,0,Rejete
DOS_0958,1,128,9,61,61,61,14,61,22,23,78,84,86,85,97,27,28,61,26,26,26,26,61,26,27,61,26,28,26,28,27,28,,,,,,,,,,,,,,,,,,,,,,100,35,61,107,111,112,118,120,124,0,0,Rejete
DOS_0959,2,,,,,,,,,,,,,,99,,,,,,,,,,,,,,,,,,61,35,39,42,54,46,53,61,57,61,61,45,6,72,77,81,83,89,90,61,94,101,35,105,107,109,113,118,120,123,156.4516,157.5653,Moyen
DOS_0960,2,,,,,,,,,,,,,,96,,,,,,,,,,,,,,,,,,31,61,61,61,53,61,54,55,58,64,69,45,20,74,78,61,61,87,90,61,94,101,35,105,61,61,114,117,122,124,139.9666,127.1319,Moyen
DOS_0961,1,128,61,11,13,57,15,18,19,61,77,86,83,86,95,26,27,26,28,28,26,28,61,61,28,26,61,28,28,26,61,61,,,,,,,,,,,,,,,,,,,,,,102,61,61,108,61,115,118,122,125,0,0,Rejete
DOS_0962,2,,,,,,,,,,,,,,98,,,,,,,,,,,,,,,,,,31,36,39,40,45,46,53,41,60,62,61,70,21,75,77,61,83,89,61,92,93,102,61,105,61,111,112,61,121,125,202.5679,199.4836,Excellent
DOS_0963,1,128,6,61,13,61,61,17,21,24,79,86,84,86,97,27,61,27,26,27,61,28,28,26,27,28,28,61,26,27,27,27,,,,,,,,,,,,,,,,,,,,,,102,61,105,107,110,114,61,122,124,0,0,Rejete
DOS_0964,1,126,7,11,40,57,68,16,21,61,17,61,83,83,97,26,61,61,61,26,61,61,61,28,61,61,27,26,26,26,26,61,,,,,,,,,,,,,,,,,,,,,,102,104,61,61,111,114,117,120,124,0,0,Rejete
DOS_0965,1,61,61,10,12,61,68,18,61,24,17,84,61,84,97,28,61,61,61,27,61,61,28,28,26,27,26,28,27,26,26,28,,,,,,,,,,,,,,,,,,,,,,100,35,61,61,110,113,61,120,125,0,0,Rejete
DOS_0966,1,126,6,10,13,60,67,18,61,61,77,84,85,61,95,26,61,27,27,28,27,27,27,27,28,28,61,26,61,61,28,28,,,,,,,,,,,,,,,,,,,,,,101,61,61,61,61,61,61,121,61,0,0,Rejete
DOS_0967,2,,,,,,,,,,,,,,99,,,,,,,,,,,,,,,,,,29,61,43,43,53,47,61,6,61,65,67,45,61,76,77,81,83,87,61,94,94,100,103,61,61,61,113,118,61,124,199.4047,197.2826,Bon
DOS_0968,2,,,,,,,,,,,,,,99,,,,,,,,,,,,,,,,,,61,36,43,43,53,48,52,61,61,62,69,45,19,72,61,81,86,87,91,92,94,61,102,61,107,111,61,119,122,123,160.6884,142.6044,Bon
DOS_0969,1,128,7,61,61,57,15,17,61,24,79,84,86,85,61,27,28,27,26,28,26,61,28,27,28,26,27,27,28,27,27,28,,,,,,,,,,,,,,,,,,,,,,61,102,105,107,61,114,117,122,61,0,0,Rejete
DOS_0970,1,61,6,10,41,59,67,16,21,61,61,86,86,83,95,26,26,61,28,61,61,61,28,28,61,27,26,61,26,27,28,28,,,,,,,,,,,,,,,,,,,,,,101,102,61,107,61,114,116,120,123,0,0,Rejete
DOS_0971,1,127,7,10,40,60,61,17,61,61,78,86,61,83,97,27,28,61,61,28,61,26,28,26,28,27,61,27,26,61,27,28,,,,,,,,,,,,,,,,,,,,,,102,103,61,61,61,114,116,61,61,0,0,Rejete
DOS_0972,1,128,7,61,41,59,61,16,20,24,17,86,85,83,98,26,28,26,26,27,28,27,61,61,27,61,28,27,61,27,28,61,,,,,,,,,,,,,,,,,,,,,,100,61,61,107,109,114,116,122,61,0,0,Rejete
DOS_0973,1,61,9,11,13,57,68,17,22,23,18,84,84,86,61,61,26,27,26,27,61,28,28,61,26,27,26,28,27,28,26,28,,,,,,,,,,,,,,,,,,,,,,100,102,61,107,110,113,116,120,61,0,0,Rejete
DOS_0974,2,,,,,,,,,,,,,,97,,,,,,,,,,,,,,,,,,32,38,61,41,52,61,54,41,59,61,69,52,19,61,17,81,84,89,90,61,93,101,103,105,61,110,61,117,61,61,170.2125,157.7116,Bon
DOS_0975,2,,,,,,,,,,,,,,61,,,,,,,,,,,,,,,,,,33,38,7,42,45,49,54,56,60,65,67,45,6,74,61,80,85,61,61,94,61,61,104,61,61,109,61,119,122,123,109.1448,124.0863,Risque
DOS_0976,1,126,7,10,57,61,68,61,22,61,61,85,86,85,97,28,61,61,28,61,27,27,61,27,27,61,27,26,26,28,26,28,,,,,,,,,,,,,,,,,,,,,,61,102,61,61,61,113,119,120,124,0,0,Rejete
DOS_0977,1,61,9,11,57,57,68,61,22,23,79,83,85,85,97,61,61,26,28,26,26,61,28,27,61,61,28,27,61,28,61,61,,,,,,,,,,,,,,,,,,,,,,102,103,105,107,61,113,61,122,61,0,0,Rejete
DOS_0978,2,,,,,,,,,,,,,,97,,,,,,,,,,,,,,,,,,31,37,42,57,45,46,61,61,59,65,68,71,21,75,78,82,84,87,90,92,94,102,104,61,61,61,113,119,122,61,205.461,200.082,Excellent
DOS_0979,1,130,61,61,13,59,67,16,61,23,18,85,83,86,61,28,28,26,28,26,27,28,27,28,61,27,61,26,27,27,27,27,,,,,,,,,,,,,,,,,,,,,,61,104,105,107,111,114,118,120,61,0,0,Rejete
DOS_0980,2,,,,,,,,,,,,,,96,,,,,,,,,,,,,,,,,,31,36,39,41,45,48,54,6,61,61,61,71,19,76,78,82,61,88,61,94,94,102,61,106,107,61,115,61,121,61,173.9216,161.0721,Bon
DOS_0981,1,129,61,61,40,60,14,18,21,23,18,86,84,61,96,26,26,26,61,27,27,27,27,61,27,28,28,61,27,26,28,61,,,,,,,,,,,,,,,,,,,,,,61,102,106,61,111,114,116,122,124,0,0,Rejete
DOS_0982,1,129,6,11,41,61,61,16,61,23,79,85,84,61,97,61,28,61,27,61,27,28,28,26,28,26,27,26,61,61,61,27,,,,,,,,,,,,,,,,,,,,,,101,61,61,61,111,115,118,61,125,0,0,Rejete
DOS_0983,1,130,6,10,40,59,68,16,22,23,78,61,83,61,99,61,28,27,61,26,61,61,61,61,61,28,61,26,61,61,61,28,,,,,,,,,,,,,,,,,,,,,,61,61,105,107,110,115,117,121,124,0,0,Rejete
DOS_0984,2,,,,,,,,,,,,,,61,,,,,,,,,,,,,,,,,,30,37,7,57,44,48,61,6,59,61,61,61,6,72,18,82,84,88,91,94,94,61,103,61,61,111,61,119,122,125,190.0037,182.5247,Bon
DOS_0985,1,127,7,10,41,57,67,16,6,61,18,85,86,86,98,28,26,28,61,28,26,26,28,28,28,26,27,27,61,26,61,61,,,,,,,,,,,,,,,,,,,,,,100,104,61,107,61,112,118,61,124,0,0,Rejete
DOS_0986,2,,,,,,,,,,,,,,61,,,,,,,,,,,,,,,,,,61,38,7,43,52,61,51,56,61,62,68,52,20,74,77,80,61,88,90,94,61,61,104,105,61,111,115,116,120,125,200.9415,198.883,Excellent
DOS_0987,1,61,61,61,61,58,68,18,6,61,79,86,86,84,61,26,61,26,61,26,61,27,27,26,61,61,26,27,26,27,28,27,,,,,,,,,,,,,,,,,,,,,,61,102,105,107,109,61,61,121,123,0,0,Rejete
DOS_0988,2,,,,,,,,,,,,,,95,,,,,,,,,,,,,,,,,,31,35,55,42,52,48,52,6,59,67,68,61,6,75,78,81,86,89,91,94,61,61,103,105,61,110,61,118,122,123,173.0555,174.5294,Bon
DOS_0989,2,,,,,,,,,,,,,,98,,,,,,,,,,,,,,,,,,33,38,55,42,45,47,50,56,60,63,68,70,19,74,77,82,85,89,91,61,61,61,35,61,107,109,113,119,121,61,92.552,112.4692,Risque
DOS_0990,1,128,61,10,40,57,15,61,6,23,78,85,84,86,98,61,28,26,28,61,28,28,26,61,26,27,28,27,28,27,28,28,,,,,,,,,,,,,,,,,,,,,,61,61,61,107,110,114,117,122,123,0,0,Rejete
DOS_0991,1,129,7,10,13,59,68,18,61,24,17,86,61,61,98,27,26,61,27,61,26,27,27,28,26,27,27,61,26,27,27,27,,,,,,,,,,,,,,,,,,,,,,102,35,105,61,61,112,118,61,125,0,0,Rejete
DOS_0992,1,129,6,61,12,60,14,18,22,61,78,61,85,85,97,61,61,28,61,27,61,61,61,26,28,27,61,61,61,27,27,27,,,,,,,,,,,,,,,,,,,,,,61,104,61,107,61,61,117,120,123,0,0,Rejete
DOS_0993,1,61,7,11,12,58,67,16,61,24,61,86,85,61,97,61,27,26,26,27,28,27,28,28,27,61,26,28,61,27,28,28,,,,,,,,,,,,,,,,,,,,,,100,104,105,107,109,112,119,61,124,0,0,Rejete
DOS_0994,2,,,,,,,,,,,,,,95,,,,,,,,,,,,,,,,,,61,38,42,57,54,49,51,41,57,61,67,70,22,76,61,81,61,88,91,61,94,61,104,105,61,110,114,116,120,124,208.3292,204.8781,Excellent
DOS_0995,2,,,,,,,,,,,,,,95,,,,,,,,,,,,,,,,,,29,61,7,57,44,48,53,61,60,62,68,61,22,75,77,81,83,61,61,61,94,61,35,105,61,109,115,61,121,123,198.0112,193.2847,Bon
DOS_0996,1,127,6,10,41,57,15,17,21,61,61,86,83,84,61,28,61,27,26,27,27,61,27,28,27,27,27,27,27,61,27,28,,,,,,,,,,,,,,,,,,,,,,101,61,105,107,61,115,116,121,61,0,0,Rejete
DOS_0997,1,130,8,61,61,59,14,16,6,24,78,84,85,86,95,27,61,28,28,28,26,28,28,27,61,28,26,26,61,61,26,27,,,,,,,,,,,,,,,,,,,,,,102,102,105,61,109,115,61,120,61,0,0,Rejete
DOS_0998,2,,,,,,,,,,,,,,96,,,,,,,,,,,,,,,,,,30,35,61,57,45,48,54,61,58,65,67,45,19,72,77,80,84,88,91,92,93,100,104,105,61,61,112,61,120,61,196.3066,196.6559,Bon
DOS_0999,2,,,,,,,,,,,,,,95,,,,,,,,,,,,,,,,,,61,61,39,57,53,48,51,6,58,67,67,71,19,76,79,82,83,89,90,61,61,61,103,105,107,111,115,118,122,123,220.3733,220.9464,Excellent
DOS_1000,2,,,,,,,,,,,,,,97,,,,,,,,,,,,,,,,,,29,37,42,42,45,48,51,6,61,63,61,45,20,61,17,61,86,61,91,61,93,101,104,61,107,61,112,116,61,123,200.6252,193.478,Excellent